Project_ID,Year,Municipality,Target_Seedlings,Planted_Seedlings,Survival_Rate,Funding_PHP,Rainfall_mm,Temperature_C,Monitoring_Visits,Soil_Type,Pest_Incidents,Fire_Incidents,Project_Status
P0001,2022,Talacogon,9802,11432,0.8986734620177331,944959,1423,24.991402741251243,7,Peat,1,1,Successful
P0002,2017,Hinatuan,4505,4379,0.521086956798837,161898,3013,29.171619252280376,0,Sandy,5,4,Failed
P0003,2022,Cortes,7929,6344,0.5214267476425536,1230328,2751,32.04102947925073,2,Clay,5,3,Moderate
P0004,2019,Rosario,2761,2784,0.5555203296703929,459580,1532,30.433099966664397,4,Peat,2,1,Moderate
P0005,2015,Bislig,4236,4538,0.6895385625006234,1837783,2563,27.10540622539935,7,Peat,0,1,Successful
P0006,2021,Bislig,7216,7713,0.8972756845267446,809644,2650,28.270730159097052,12,Silt,2,0,Successful
P0007,2019,Lingig,5375,5163,0.8465416823691779,968594,3114,25.999035767822235,5,Clay,2,0,Successful
P0008,2020,Rosario,9421,6917,0.5917704411049249,428255,1308,30.349134223913378,1,Silt,3,3,Failed
P0009,2020,Lanuza,4878,4319,0.4446012307384314,711954,2655,28.68334186194534,1,Sandy,4,1,Moderate
P0010,2022,Trento,8315,9648,0.504639052117814,139488,1671,30.921924739203384,4,Sandy,2,0,Moderate
P0011,2023,Lanuza,3951,3920,0.8031445922525573,431516,1598,29.917945306097373,4,Loam,0,0,Successful
P0012,2016,Veruela,8116,7865,0.4105085352816079,594405,2234,31.234943455514113,0,Peat,6,0,Failed
P0013,2023,Trento,3300,2753,0.28980653074333146,271419,2574,29.094131106134743,0,Clay,4,1,Failed
P0014,2025,Rosario,8833,7810,0.6927038909546299,677591,3952,29.354555735975318,7,Clay,1,1,Successful
P0015,2024,Bunawan,5910,6782,0.8681407528923571,362083,1680,27.270078834492384,12,Silt,1,1,Successful
P0016,2023,Barobo,1955,2019,0.8521135362545582,445073,2819,24.795214078217167,4,Silt,1,0,Successful
P0017,2024,Rosario,7392,8084,0.6883725899436275,225352,2154,26.491780520222655,3,Clay,2,0,Successful
P0018,2024,Lanuza,6308,5848,0.7126531361326596,528308,2470,28.711317459460812,3,Silt,1,1,Moderate
P0019,2021,Talacogon,7296,7406,0.6904238451035924,364787,1117,30.775539459161863,6,Loam,1,1,Moderate
P0020,2015,Barobo,5296,4364,0.7934296497247794,484398,1642,27.041179569607117,20,Peat,2,1,Successful
P0021,2021,Rosario,5593,5887,0.5595517434851244,541703,1534,25.477003221900986,0,Loam,2,1,Moderate
P0022,2024,Rosario,1825,1667,0.8354057771115907,1347407,2447,27.641854208242048,18,Sandy,2,0,Successful
P0023,2019,Talacogon,5476,5044,0.6938296929743742,2500000,2015,27.78364010014138,6,Clay,1,0,Successful
P0024,2020,Rosario,9905,10149,0.7830031479164082,323752,2795,27.964594072256883,8,Loam,1,0,Successful
P0025,2024,Barobo,1659,1937,0.2917139746468984,1396146,2616,30.799678789886077,5,Loam,1,1,Moderate
P0026,2021,Lianga,5150,3769,0.44270379037041097,614481,2159,32.54730810022475,1,Silt,2,1,Failed
P0027,2019,Bunawan,5487,6103,0.623850677755814,557933,3371,26.014472819045835,4,Silt,0,0,Successful
P0028,2021,San Francisco,5197,4397,0.7304103794114799,665767,2249,26.95964135487764,4,Silt,3,0,Moderate
P0029,2023,Bunawan,840,774,0.5103855887240261,404704,1269,25.899503222611315,14,Sandy,2,1,Moderate
P0030,2017,Cagwait,4328,3077,0.7588333018068824,1172296,3218,29.24703917570119,26,Loam,2,0,Successful
P0031,2022,Cortes,2468,2099,0.4746719312698594,1837228,1636,32.12205027084429,4,Peat,1,1,Moderate
P0032,2016,Lingig,1203,1144,0.7511961126077924,1628354,2946,26.71229518022769,10,Silt,1,0,Successful
P0033,2025,Rosario,5982,4355,0.9218531345148037,1509014,3344,26.896423588187517,6,Sandy,1,0,Successful
P0034,2021,Lianga,6876,6501,0.05,220184,2074,33.66695639224744,5,Sandy,5,2,Failed
P0035,2016,Trento,2300,2676,0.4987751540523463,111859,902,31.26389463303752,2,Silt,9,4,Failed
P0036,2018,Rosario,5963,4488,0.36732328735423914,257118,1249,31.090589262002638,1,Clay,8,3,Failed
P0037,2021,Lanuza,5412,5856,0.6592978352142784,2500000,3193,24.522708735065684,12,Loam,1,0,Successful
P0038,2017,Hinatuan,5148,4658,0.6724687606950762,320182,2298,29.196820173198546,12,Silt,1,0,Successful
P0039,2016,Lianga,1355,1392,0.7511671632649843,262333,2047,26.177159148725604,1,Peat,1,2,Moderate
P0040,2025,Talacogon,3366,2794,0.4365391744068723,627801,2455,25.664949535162606,0,Loam,4,0,Moderate
P0041,2024,Lianga,682,531,0.6646649489404041,477878,2817,26.63307105808322,7,Sandy,3,0,Successful
P0042,2021,Cagwait,3612,2818,0.6864777450837676,316639,2167,27.035518191378273,5,Peat,3,0,Moderate
P0043,2015,Talacogon,6170,4536,0.8138552876285915,731601,2274,26.9460007640374,12,Loam,0,0,Successful
P0044,2022,Veruela,4992,3957,0.18869041928490415,119994,1612,26.397545913687704,0,Peat,6,2,Failed
P0045,2017,San Francisco,6323,6526,0.8016624975404619,481667,2914,29.89704076616918,13,Sandy,1,0,Successful
P0046,2016,Loreto,2017,2301,0.42690967796316676,978599,2332,31.31921573629107,4,Silt,5,1,Moderate
P0047,2017,Barobo,5502,6091,0.8900821398422606,375968,2245,22.631643814647965,6,Peat,1,0,Successful
P0048,2019,Lianga,1856,1935,0.6773645157847761,180497,2649,30.946144514166377,4,Silt,3,1,Moderate
P0049,2025,Barobo,4129,3118,0.6138407438586332,356433,1922,26.473678425445932,9,Sandy,2,0,Moderate
P0050,2022,Bislig,4128,3486,0.8161661061247016,1798362,1889,29.642438842456965,10,Sandy,1,1,Successful
P0051,2024,Lanuza,8710,7446,0.5665663374814324,259225,1344,29.82888376833396,0,Peat,7,2,Failed
P0052,2021,Rosario,6632,5471,0.31995608583435153,215041,1212,30.071938910202498,2,Peat,7,3,Failed
P0053,2021,Lanuza,9824,9406,0.15453762244108782,308030,1636,29.537255876446952,4,Sandy,2,5,Failed
P0054,2021,Barobo,7088,6859,0.38292634779652296,96398,2540,33.030323010583714,4,Peat,3,1,Failed
P0055,2022,Bunawan,3811,3347,0.8003256459444537,832722,1516,25.40102996868743,4,Peat,0,0,Moderate
P0056,2015,Loreto,6548,5741,0.1779336709539807,394669,1913,31.51960084683752,0,Peat,3,3,Failed
P0057,2018,Bunawan,6746,7516,0.7438537233306014,739668,2005,30.253325412223877,3,Peat,1,0,Successful
P0058,2020,Veruela,1487,1627,0.8216446038101453,2231698,2243,29.290850201351027,15,Loam,2,0,Successful
P0059,2023,Loreto,3821,3262,0.7746095150994261,429513,1493,33.31174728580854,11,Sandy,1,0,Successful
P0060,2016,Loreto,5115,5917,0.6817696419622685,2457390,2267,26.177633093188252,8,Sandy,0,1,Successful
P0061,2015,Bunawan,8865,10428,0.8921857856230471,1144141,2283,29.893262056483827,6,Clay,4,0,Successful
P0062,2024,Talacogon,4241,3661,0.98,782200,2724,27.23477341164645,1,Silt,1,0,Successful
P0063,2016,Cagwait,3552,3115,0.347458404263347,294104,1933,33.08351519088168,0,Clay,8,2,Failed
P0064,2021,Barobo,7074,6740,0.6895931710264,933641,1680,27.480777510696576,9,Peat,0,0,Successful
P0065,2017,Bunawan,1226,1435,0.6251039474946525,2500000,3050,26.530310545343827,11,Peat,0,0,Successful
P0066,2024,Lanuza,4260,4848,0.5809571177465418,258354,2126,31.765180509679073,5,Loam,4,0,Moderate
P0067,2016,Talacogon,6306,4737,0.8903877343316258,564979,2519,26.271095152452673,17,Loam,2,0,Successful
P0068,2025,Lanuza,2375,2128,0.3865234845093534,644793,1794,26.46818560274861,3,Loam,5,0,Failed
P0069,2021,Cagwait,7493,7318,0.7797596159081146,641439,2089,26.20788279206543,9,Loam,0,1,Successful
P0070,2016,Veruela,4533,4313,0.23750196874949714,581516,1930,31.54758236647133,0,Loam,2,4,Failed
P0071,2017,Rosario,5943,4736,0.16709709141946744,1075022,2085,33.48009687896773,2,Loam,3,1,Failed
P0072,2025,Cagwait,1489,1681,0.8634751326324882,743946,1351,27.77782343824128,4,Loam,2,0,Successful
P0073,2021,Cortes,4244,4407,0.8713771621385586,1728217,2076,30.795492668085064,3,Loam,2,2,Successful
P0074,2018,Trento,9111,10194,0.10359782986329735,136622,1647,26.604562696306015,0,Loam,8,4,Failed
P0075,2015,Talacogon,1093,1234,0.7407806773816821,1018344,2153,27.391841337955242,16,Sandy,1,2,Moderate
P0076,2019,Veruela,2274,2442,0.6188885465072802,663831,2715,27.778562207114746,2,Loam,8,0,Moderate
P0077,2023,Cortes,1435,1319,0.5159432503204111,421770,1336,29.7136014313187,5,Silt,4,1,Failed
P0078,2022,Bislig,4308,4330,0.6457872251514885,617447,2101,27.71023597062549,1,Loam,1,0,Successful
P0079,2023,Veruela,831,648,0.6434175844584561,290701,2092,29.22727739348048,14,Peat,1,1,Successful
P0080,2024,Bunawan,8422,8732,0.7651030690232703,1502690,1919,26.387982904573775,11,Peat,1,0,Successful
P0081,2023,Lingig,3202,2528,0.3903898197653272,81496,1591,30.347571717382813,4,Loam,4,0,Failed
P0082,2021,Bunawan,6389,6689,0.7655632987512356,449206,2462,28.38719277418987,2,Loam,0,0,Moderate
P0083,2018,Cagwait,5554,4525,0.8506078913815132,2120566,1767,25.185275240272126,7,Peat,1,0,Successful
P0084,2019,Trento,4368,3314,0.7557318723187967,1177984,2656,27.21583327729641,4,Silt,0,1,Successful
P0085,2015,Veruela,4700,3678,0.6773630792334108,2500000,1378,27.140851175257204,17,Clay,0,0,Successful
P0086,2015,Barobo,701,491,0.903000057271915,2265750,2063,27.087298587492384,4,Sandy,2,2,Successful
P0087,2017,San Francisco,2997,3174,0.4342353489099143,350257,1802,28.579398641453626,4,Peat,2,0,Moderate
P0088,2022,Rosario,2342,2497,0.7454162265726787,582302,3004,28.689183851533464,0,Loam,3,0,Moderate
P0089,2016,Cagwait,9601,9192,0.2801861490550887,288358,1635,28.919262052231673,1,Sandy,3,0,Failed
P0090,2018,Bunawan,5158,4026,0.7408698487141421,182399,679,31.68178683492816,12,Loam,3,0,Moderate
P0091,2016,Trento,8044,5966,0.8478931290059278,494019,1200,24.57629842699246,15,Clay,1,0,Successful
P0092,2019,Rosario,8218,5831,0.5335605412669051,375031,2020,26.69757472882526,7,Clay,0,0,Moderate
P0093,2023,Veruela,1270,994,0.24728450794434226,82629,2168,36.94990906055889,1,Peat,4,3,Failed
P0094,2015,Barobo,3655,4186,0.5090910547184705,591291,2225,25.905021612526927,2,Sandy,1,1,Moderate
P0095,2019,Veruela,2128,1746,0.3799643369325333,249859,1900,26.6156133132256,2,Sandy,3,2,Failed
P0096,2023,Loreto,886,777,0.559258779546126,171730,2697,30.336191862503046,8,Clay,1,0,Moderate
P0097,2015,Trento,6531,4915,0.4787426310317554,776663,1676,23.307200365565315,6,Loam,3,0,Moderate
P0098,2023,Cortes,6939,5628,0.5301242307618842,988091,2536,27.911815225068903,0,Peat,4,0,Moderate
P0099,2022,Bunawan,6901,6622,0.787857702971915,1210711,1420,32.86456231269122,3,Silt,2,0,Successful
P0100,2018,Barobo,4508,4525,0.5671265905585188,789750,1857,23.637660194616497,8,Clay,1,1,Successful
P0101,2025,San Francisco,2966,2440,0.8258168114788699,1610344,1315,22.545088785653217,20,Clay,0,0,Successful
P0102,2024,Veruela,2782,2027,0.43243345303398323,961150,1835,24.752046995105754,0,Peat,2,2,Moderate
P0103,2019,San Francisco,2356,2109,0.6646667596794256,1289119,2372,29.745898920867464,6,Loam,0,1,Successful
P0104,2019,Veruela,8480,6929,0.3475186783467148,309374,2068,31.31194179996453,2,Sandy,1,0,Moderate
P0105,2025,Bunawan,2498,2022,0.06885505029849537,364797,1837,28.71852800755373,4,Clay,2,2,Failed
P0106,2020,Rosario,5976,7051,0.6444552496887711,2500000,1843,29.20803101000267,12,Peat,0,0,Successful
P0107,2021,Lianga,9928,10008,0.46491748508434116,365271,1885,31.975638318779975,0,Peat,0,0,Moderate
P0108,2022,Rosario,5169,5057,0.5934562792537196,1467407,901,34.46836603607456,3,Peat,4,1,Failed
P0109,2022,Veruela,9842,8935,0.7274120324104796,676607,3217,26.88416179705038,12,Sandy,1,0,Successful
P0110,2025,Lanuza,4818,4405,0.7977750106268031,1040469,2217,21.746320705825035,13,Clay,2,0,Successful
P0111,2016,Lingig,7564,7340,0.8200481386506329,604934,2106,25.447802693975785,5,Peat,2,0,Successful
P0112,2023,Hinatuan,7946,8329,0.7931065186215849,1207161,3353,26.432989512661855,2,Sandy,4,1,Successful
P0113,2021,Lianga,1931,2029,0.3091579154983609,96584,1054,29.352653008554025,7,Loam,0,0,Failed
P0114,2018,Cortes,6124,4812,0.15265887309610573,203367,1124,29.5303514974782,0,Silt,4,4,Failed
P0115,2018,Lianga,7961,7563,0.7241113057935055,255551,1342,31.297236494826674,6,Clay,2,0,Moderate
P0116,2025,Lingig,2319,2100,0.5730075301093039,329021,1759,33.18607106671895,3,Sandy,4,0,Failed
P0117,2022,San Francisco,1630,1850,0.08442778282282398,624548,2058,29.57081586518804,0,Silt,1,5,Failed
P0118,2018,Trento,7063,7173,0.677597140911362,1680856,2843,30.246212190129548,9,Silt,0,0,Successful
P0119,2020,San Francisco,3158,3051,0.2808265520672192,70242,3343,30.894153416577723,2,Sandy,3,4,Failed
P0120,2019,Cagwait,4000,3030,0.4342554646107771,2500000,650,28.661264932156428,9,Sandy,5,0,Moderate
P0121,2017,San Francisco,9066,9091,0.39083517748382113,369837,2165,32.26636039277491,1,Sandy,3,4,Failed
P0122,2024,Cortes,2620,1987,0.21804189166307417,174177,1465,30.18063012059479,0,Peat,5,2,Failed
P0123,2025,Lanuza,4520,3926,0.98,1146492,2048,32.6445279427444,2,Loam,0,0,Successful
P0124,2016,Rosario,3759,2899,0.8990548594343597,1163648,2028,23.903972083013603,22,Peat,0,0,Successful
P0125,2023,Rosario,2323,2429,0.8012574030632216,607533,1854,26.212072752269954,9,Silt,0,0,Successful
P0126,2024,Hinatuan,1974,1585,0.6732383515983679,663068,3010,28.183702757615123,9,Silt,0,1,Moderate
P0127,2023,Bislig,2742,2456,0.4748260594100233,195053,2305,31.098631726144976,0,Silt,6,1,Failed
P0128,2015,Veruela,3743,4296,0.24104735167184593,224174,1813,33.169901217757726,3,Sandy,6,2,Failed
P0129,2024,Lanuza,7490,6008,0.6983782755458036,598625,3210,27.43900358190961,2,Clay,2,1,Successful
P0130,2017,Bislig,5660,5399,0.5593771675563577,201761,1092,24.944425876234483,6,Peat,4,0,Moderate
P0131,2022,Lingig,3634,3305,0.6533963349397534,637233,1201,30.60628474113751,5,Clay,4,0,Moderate
P0132,2020,Cagwait,2570,1822,0.7939060398653418,1602597,1093,29.387396915354913,23,Loam,2,0,Successful
P0133,2019,Bunawan,859,941,0.6223003517809003,1516458,1980,22.645353351551485,5,Loam,3,0,Successful
P0134,2019,Lingig,1641,1205,0.6997175556049158,1927295,2497,27.490489665823002,4,Peat,1,1,Successful
P0135,2020,Veruela,2135,2000,0.3096437990967871,377831,1861,26.024645423299255,1,Silt,4,0,Failed
P0136,2021,Veruela,4500,4411,0.772433439567417,672948,2489,25.838372256244845,20,Loam,0,0,Successful
P0137,2015,Loreto,3861,3915,0.786705061214777,1087830,1153,26.242977682593,7,Clay,1,0,Moderate
P0138,2023,Loreto,7083,7396,0.38368144691212025,212405,2481,30.523161745604966,1,Clay,3,1,Moderate
P0139,2017,Talacogon,8335,6890,0.8305589241835875,509003,2543,27.79207543543046,2,Sandy,1,0,Successful
P0140,2018,Lingig,506,356,0.5284758351659605,154074,2239,26.78602249810993,2,Silt,2,2,Failed
P0141,2024,Talacogon,3767,3999,0.6380029643591915,666694,664,32.20016490739336,1,Sandy,6,3,Failed
P0142,2015,San Francisco,7064,6836,0.7395602576816039,2123254,2586,23.915485440178962,11,Peat,4,0,Successful
P0143,2025,Bunawan,5428,6068,0.608971534326424,827984,1287,29.32528447617736,9,Loam,4,0,Moderate
P0144,2024,Lianga,3106,3449,0.8369760357198647,2351081,2161,25.464973326771112,17,Sandy,0,0,Successful
P0145,2017,Hinatuan,6406,7185,0.7995481731553291,517270,2720,26.5858072936737,13,Sandy,1,0,Successful
P0146,2016,Lianga,3773,3556,0.7701154798760694,1331302,2454,28.76067687009596,4,Peat,0,0,Successful
P0147,2016,Hinatuan,8111,7030,0.6023170467400055,518874,1489,29.80362349764882,0,Clay,1,0,Moderate
P0148,2015,Loreto,1413,1548,0.24613046977363784,1093957,2003,31.8424226838899,9,Clay,1,0,Moderate
P0149,2022,Loreto,2511,2324,0.8482069490062631,927905,1481,27.294365750821367,5,Peat,1,0,Successful
P0150,2017,Loreto,1942,1537,0.7926177903661967,753637,3090,28.266127157408352,4,Clay,2,0,Successful
P0151,2017,Lanuza,6046,6816,0.28885351445104285,443629,1676,28.905656693989187,0,Peat,4,0,Failed
P0152,2020,Trento,2329,2658,0.98,2014614,3071,27.954974706556992,6,Clay,0,0,Successful
P0153,2022,Hinatuan,9267,8647,0.7125065981209449,606842,2084,28.59871512002128,14,Peat,0,0,Successful
P0154,2023,Lingig,6968,5141,0.5016308813121964,544597,1685,28.25422538136406,4,Clay,1,1,Moderate
P0155,2023,Talacogon,1429,1277,0.5988174623086628,145064,1341,25.490623789768758,0,Sandy,4,3,Failed
P0156,2018,Lanuza,4199,4626,0.6967938695150143,163459,2925,28.32867724082724,9,Sandy,0,0,Successful
P0157,2019,Rosario,1554,1788,0.48398616604761535,664357,1574,29.411403693388642,2,Clay,3,1,Moderate
P0158,2016,Lianga,6244,5006,0.299416440719681,466753,2186,28.29956630913012,0,Peat,6,1,Failed
P0159,2025,Cagwait,2400,1760,0.864073448212955,1244269,2170,24.289032409818713,18,Sandy,2,1,Successful
P0160,2023,Cortes,7480,8517,0.5749363008823977,143589,814,32.18969787625991,6,Loam,1,0,Moderate
P0161,2022,Veruela,7569,6772,0.6507374652847737,773646,2057,28.728613777236006,8,Clay,1,0,Successful
P0162,2017,Talacogon,3915,3800,0.48613977242473727,121612,1292,27.927297422695727,5,Loam,2,0,Moderate
P0163,2025,Bislig,942,1115,0.4771174680145347,1646479,2020,25.65741779213128,5,Loam,3,1,Moderate
P0164,2023,Barobo,6718,4926,0.5407334745732346,256648,1285,26.445462928946636,2,Silt,3,0,Moderate
P0165,2017,Rosario,5152,5276,0.8225843658629829,2500000,2955,30.75647599196558,4,Loam,0,0,Successful
P0166,2023,Lingig,8439,6219,0.3785488058243161,601886,1745,30.344154852170114,0,Loam,6,1,Failed
P0167,2016,Cagwait,8333,7397,0.6023988245951598,509034,2293,26.123532332498232,6,Silt,0,0,Successful
P0168,2024,Talacogon,9870,10875,0.8863940987560857,427826,2793,28.77422307806164,17,Silt,1,0,Successful
P0169,2023,Cortes,8097,7422,0.8052568845996624,1333151,2978,25.46400453138419,10,Silt,3,0,Successful
P0170,2022,Lanuza,4958,5942,0.7161438457112688,305003,1987,32.25210757570095,1,Peat,2,0,Moderate
P0171,2023,Lingig,7091,6945,0.6033037992748806,616535,1537,31.882001337241814,1,Silt,2,1,Moderate
P0172,2019,Bunawan,9949,8561,0.8901322957735762,699132,1335,26.333564821993058,2,Peat,3,0,Successful
P0173,2025,Veruela,2809,2275,0.6059854373740152,159971,1588,26.92832438242285,5,Clay,5,1,Moderate
P0174,2025,Talacogon,6768,5923,0.9146225756202748,195317,2029,20.9546670032693,13,Peat,1,0,Successful
P0175,2016,Trento,1410,1249,0.6126700763221334,677806,2064,24.79604807112158,2,Clay,2,2,Moderate
P0176,2022,Loreto,4840,3554,0.7702084753557096,658287,2192,24.15132556260561,12,Silt,1,0,Successful
P0177,2020,Loreto,4509,3989,0.8226921664536259,377155,2412,28.837975852468464,12,Silt,1,0,Moderate
P0178,2022,Veruela,7128,6644,0.8689037122279892,1748033,2032,26.6844157388966,9,Clay,0,0,Successful
P0179,2025,Cortes,2669,2832,0.40032421894061787,716082,1765,26.636661281461897,0,Sandy,4,1,Failed
P0180,2019,Hinatuan,2672,2747,0.6523695583461664,821720,3110,26.797089893838606,20,Peat,0,0,Successful
P0181,2024,Cagwait,6168,6503,0.6511692382536463,779769,2605,28.76334286911837,11,Loam,1,0,Successful
P0182,2016,Lanuza,6813,4797,0.8092715482141853,1499032,2363,28.819598374788967,9,Silt,1,0,Successful
P0183,2020,Loreto,8815,7129,0.3403729676875537,120621,1438,25.250824297852798,6,Peat,3,0,Failed
P0184,2019,Talacogon,8536,8799,0.23402284089883574,350783,1420,29.679341298790423,5,Peat,2,2,Failed
P0185,2019,Bislig,7289,6866,0.794098269961206,1561118,1889,24.041648057570974,11,Silt,1,0,Successful
P0186,2015,Lianga,1285,902,0.7406352313652316,961157,1675,30.754321742850685,2,Clay,3,1,Moderate
P0187,2016,Hinatuan,6639,7317,0.41735634643704184,86988,2253,31.960366040883745,1,Silt,2,0,Failed
P0188,2022,Lianga,6844,7435,0.4130789788296715,323876,1866,26.254931934188853,4,Peat,3,1,Moderate
P0189,2017,Rosario,2916,2840,0.5366189407428468,297637,1190,26.584886993999,2,Sandy,3,0,Moderate
P0190,2024,Cagwait,9488,6956,0.699503351914744,1096517,3460,26.346832373754232,12,Clay,0,0,Successful
P0191,2017,San Francisco,4654,5041,0.7412300083591439,1476410,2591,21.868016513171654,20,Silt,3,0,Successful
P0192,2022,Hinatuan,6119,6069,0.26209380681185,918569,955,30.839920433601442,3,Loam,5,0,Failed
P0193,2022,Bunawan,2436,2657,0.25312961843543924,210597,1534,29.317888634149675,0,Silt,6,5,Failed
P0194,2016,Veruela,4307,4633,0.3993837553631927,392921,2066,30.925437706419647,17,Peat,2,0,Moderate
P0195,2022,Rosario,7651,8427,0.767234531848181,2500000,3422,24.75397695509362,1,Peat,0,0,Successful
P0196,2025,San Francisco,9993,9583,0.723939236315269,1278260,1735,25.95219262937517,3,Loam,0,0,Successful
P0197,2015,Lanuza,3736,2877,0.19846615719972788,1519753,2585,24.73368685490221,1,Clay,3,1,Moderate
P0198,2020,Hinatuan,2852,2953,0.6074160834302329,368061,2639,27.489273591264368,1,Peat,5,3,Failed
P0199,2022,Trento,2432,2456,0.4724277515903341,136330,1422,27.04504500982945,0,Clay,6,2,Failed
P0200,2017,Trento,9056,9700,0.2673178985105006,122364,1633,32.48993419711611,2,Clay,3,4,Failed
P0201,2022,Bunawan,5416,4251,0.5522582859688718,186184,1378,26.75434537812152,9,Silt,3,2,Moderate
P0202,2015,Cagwait,5998,4783,0.6628345652682438,1702184,2277,27.810439211861535,10,Clay,2,0,Successful
P0203,2025,Loreto,1446,1655,0.9495722877810866,2500000,2378,26.548091490345488,6,Peat,0,0,Successful
P0204,2025,Lingig,1939,2084,0.5856204172682357,1208189,2195,26.826336834967968,0,Peat,10,2,Failed
P0205,2023,Talacogon,8230,9498,0.568803247389583,1090747,2654,28.079248942070894,4,Sandy,4,0,Moderate
P0206,2025,Rosario,5357,5782,0.8823530644185344,2500000,1951,28.997758329658986,13,Clay,0,0,Successful
P0207,2023,Barobo,840,838,0.7975286778933924,649078,1219,24.48060151864162,9,Sandy,0,0,Successful
P0208,2019,Hinatuan,882,905,0.38959294733488836,244243,1987,30.522781976828448,6,Silt,1,2,Moderate
P0209,2024,Rosario,8991,10290,0.7388176631036343,1973621,2576,25.37569769630576,12,Sandy,2,0,Successful
P0210,2018,Hinatuan,638,631,0.7931927966771958,1405247,2549,26.2925401848179,4,Clay,1,0,Successful
P0211,2025,Veruela,858,871,0.49545427375078677,618866,1803,29.826707807525118,0,Peat,2,1,Moderate
P0212,2020,Hinatuan,5431,4226,0.5237616067077957,766671,2074,26.84140960695128,4,Silt,4,0,Moderate
P0213,2021,Veruela,3956,3706,0.5390320530989063,729798,2909,28.593937148339663,16,Clay,1,0,Moderate
P0214,2019,Hinatuan,2127,2250,0.7719121502134539,2500000,2629,26.71327292802977,3,Silt,0,0,Successful
P0215,2025,Trento,9995,8350,0.556271018859698,1552689,1775,28.823420016759545,9,Loam,3,0,Moderate
P0216,2024,Trento,7126,5708,0.67393949336034,1551757,2099,21.548152236191257,0,Clay,0,0,Successful
P0217,2023,Cagwait,5504,4716,0.7082983850872064,1966983,2298,22.925795461979792,14,Loam,1,0,Successful
P0218,2017,Cortes,9826,8064,0.39584988811600375,845249,2982,30.039917515117097,4,Sandy,3,0,Moderate
P0219,2021,Bislig,7152,5774,0.6673378659623441,403646,1890,31.092953514122627,3,Clay,3,0,Moderate
P0220,2024,Bislig,6916,6310,0.05,521516,1788,27.723783241171198,1,Loam,4,1,Failed
P0221,2024,Cortes,3670,4234,0.6884308411980311,207088,1710,27.889929119572166,1,Peat,2,0,Moderate
P0222,2025,Loreto,4335,4133,0.7163619276715413,1285586,2659,29.236798132255753,4,Sandy,5,3,Moderate
P0223,2019,Bislig,8517,6762,0.7497819413017379,408655,3575,29.23304400414676,15,Clay,2,1,Successful
P0224,2021,Cagwait,2651,1957,0.5196862912172702,1267548,2670,22.43080682082288,8,Clay,0,0,Successful
P0225,2016,Barobo,9929,10406,0.743868943803271,530757,2449,25.28489938255406,10,Peat,2,0,Successful
P0226,2018,Barobo,7405,6600,0.7735815838711181,1562960,2422,26.668551550375312,14,Peat,1,0,Successful
P0227,2016,Talacogon,3334,3703,0.17851624920995213,291152,369,31.757850493090125,6,Loam,2,6,Failed
P0228,2021,Talacogon,9690,9978,0.7284781606191757,304908,2847,33.74607620930374,19,Loam,0,1,Successful
P0229,2016,Barobo,3067,3367,0.5342273278408692,405705,1880,29.429985682975705,4,Loam,6,0,Failed
P0230,2025,Rosario,1807,1510,0.629791259476209,370327,2257,24.98255634474003,0,Silt,2,0,Moderate
P0231,2015,Lingig,9348,9779,0.190561023987066,573028,1373,31.005670193003244,0,Sandy,2,1,Failed
P0232,2023,Lianga,3160,2629,0.3582880996485482,570938,1769,31.802489473851775,5,Clay,3,0,Moderate
P0233,2015,Cortes,4230,4947,0.5107579218868276,771430,1753,28.770035302448754,0,Sandy,3,0,Moderate
P0234,2022,Talacogon,6707,6828,0.5243851864779474,281184,2612,26.233378637114267,4,Peat,3,0,Moderate
P0235,2016,Lingig,3662,3157,0.8296199187363317,644481,2172,29.89498485370005,8,Sandy,0,0,Successful
P0236,2022,Lingig,1640,1368,0.48576199449188096,404403,3249,30.158864046246087,2,Sandy,1,0,Moderate
P0237,2017,San Francisco,8958,7125,0.8311499575361861,1983946,2658,24.93479788951094,3,Loam,0,0,Successful
P0238,2020,Trento,2208,2312,0.973515404006023,2500000,1634,28.453564043835854,6,Peat,0,0,Successful
P0239,2017,Veruela,4130,3342,0.6478601226933116,313753,1922,30.993163919147182,7,Sandy,3,0,Moderate
P0240,2021,Cagwait,3711,3702,0.7751911492669228,2360232,2008,30.454725106397234,9,Clay,1,1,Successful
P0241,2024,Barobo,7038,5857,0.29435893405253877,77299,483,29.83387756172636,0,Loam,10,1,Failed
P0242,2023,Bislig,975,1005,0.270065761214818,133223,2759,29.104801384551703,0,Sandy,3,3,Failed
P0243,2016,Cortes,8184,9063,0.48528972774330026,154614,2221,33.06818455520316,2,Peat,2,1,Failed
P0244,2019,Rosario,9668,10528,0.7172686554048697,363698,2719,24.474598742547787,10,Clay,0,0,Successful
P0245,2020,Barobo,1707,1844,0.7845222708999983,307376,2499,28.596448227302513,13,Peat,0,0,Successful
P0246,2018,Bunawan,2460,1952,0.32716770626335195,403397,970,26.574933431588928,4,Peat,5,2,Failed
P0247,2018,Veruela,1057,786,0.4897858968626162,485315,1709,31.163440680649007,8,Peat,1,1,Moderate
P0248,2018,San Francisco,1382,1450,0.12785482329622588,393496,2305,29.354886210972097,0,Silt,3,1,Failed
P0249,2016,Lingig,5261,4651,0.36521643050647357,496203,1169,33.17145808911867,2,Clay,2,1,Failed
P0250,2018,Bislig,6367,5833,0.3114594439402463,361868,300,31.228531890888817,0,Peat,7,1,Failed
P0251,2025,San Francisco,7463,5340,0.8300240469436571,1696457,2263,24.441949424845177,12,Silt,0,2,Successful
P0252,2015,Trento,7666,6361,0.7266399693560833,961334,2314,31.06156933019311,11,Loam,0,1,Successful
P0253,2020,Barobo,8429,6042,0.4909149818338267,133819,1881,33.878113166069326,0,Silt,9,1,Failed
P0254,2015,Hinatuan,5847,6663,0.6923226218788155,2325018,2837,29.705716231498037,5,Loam,1,0,Successful
P0255,2024,Trento,7769,6383,0.9512040284017893,644589,2782,25.59603033740945,2,Silt,0,0,Successful
P0256,2020,Cagwait,8625,8441,0.34028361882060865,285639,2155,27.73496511410648,8,Peat,3,2,Moderate
P0257,2015,Lingig,2954,2125,0.3808678090379648,262737,2517,30.363568043514398,0,Silt,7,3,Failed
P0258,2020,Loreto,4994,5160,0.6070516819031948,290341,1088,26.740724001671417,2,Silt,3,3,Moderate
P0259,2024,Rosario,2446,2107,0.4545331518470942,416951,2302,32.73086643115801,4,Peat,0,0,Moderate
P0260,2022,Lingig,3308,3800,0.8224393937861013,1326583,2775,27.86081617931509,11,Loam,0,0,Successful
P0261,2025,Veruela,7142,8170,0.703542240371219,744025,1256,21.741629882231607,7,Peat,2,0,Moderate
P0262,2016,Lanuza,4325,3730,0.05,160840,898,30.84838953189055,0,Clay,3,2,Failed
P0263,2016,Lanuza,4036,4643,0.8302744807490815,696526,1952,26.629606507956716,6,Silt,0,1,Successful
P0264,2018,Veruela,6568,7868,0.2508075015603908,1306287,1603,28.312683609703882,2,Clay,2,0,Moderate
P0265,2025,Bunawan,4302,4786,0.18480692750675087,429160,2252,29.078451585535753,0,Peat,4,1,Failed
P0266,2017,Cagwait,5199,5835,0.7454999637881135,2500000,1631,30.517616041516717,0,Peat,3,0,Moderate
P0267,2018,Rosario,2470,2036,0.48018615599295356,1419010,1486,31.299219446383454,7,Sandy,2,0,Moderate
P0268,2021,San Francisco,6306,6232,0.40913440427092335,1379756,1633,29.207632905646634,26,Clay,4,1,Moderate
P0269,2025,Bunawan,6642,4872,0.7602062271015319,354391,3071,26.651722032154602,14,Sandy,0,0,Successful
P0270,2015,Lianga,3319,2480,0.98,1844078,2407,27.396656987977074,13,Clay,1,0,Successful
P0271,2020,Veruela,9594,11507,0.06356448539115633,287175,1692,30.04899904144407,0,Sandy,2,5,Failed
P0272,2017,San Francisco,864,745,0.17281661237049176,202683,1733,27.99392490033791,2,Sandy,5,0,Failed
P0273,2025,Lanuza,4758,5110,0.5296404356451477,336941,2575,31.447321621428088,8,Clay,2,3,Failed
P0274,2024,Talacogon,3619,3992,0.5800783280952826,601585,1350,31.150105809651166,0,Peat,5,1,Failed
P0275,2021,Cortes,2363,2667,0.537588253085166,836666,2789,32.35110309944169,16,Loam,3,3,Moderate
P0276,2024,Loreto,615,737,0.401313675696803,297592,2126,31.638374450721187,8,Peat,3,2,Moderate
P0277,2016,Lanuza,7584,6224,0.6134180902532823,516001,1703,28.285812706024675,0,Loam,5,0,Failed
P0278,2016,Rosario,8516,6133,0.7413330870099036,354464,3500,30.550745936272413,1,Clay,5,0,Moderate
P0279,2018,Hinatuan,2884,2611,0.631473638531468,672644,1366,26.12261654226382,7,Silt,4,0,Moderate
P0280,2015,Trento,4435,3392,0.2062636711487612,240516,1587,31.739830252352125,1,Peat,8,0,Failed
P0281,2017,Cortes,8242,5861,0.31313589228267485,255236,1060,28.70846450309973,1,Sandy,6,4,Failed
P0282,2023,Cortes,5942,5230,0.763963991895517,1847539,2971,24.941866941561038,7,Peat,0,0,Successful
P0283,2021,Talacogon,2990,3264,0.8130851304615578,458413,3413,28.20011335674351,5,Clay,1,1,Successful
P0284,2021,Loreto,7480,7353,0.9251001438131337,2500000,3401,20.81358217961465,6,Silt,2,0,Successful
P0285,2025,Barobo,9634,8250,0.6555300449364885,155885,2734,24.12256106398693,5,Silt,2,0,Moderate
P0286,2018,Loreto,8161,8382,0.6722623923015242,640397,2281,27.056270290564292,3,Peat,2,0,Successful
P0287,2016,Lianga,2224,1814,0.7151795740023446,756627,1780,28.706104416587106,5,Peat,4,0,Moderate
P0288,2018,Lianga,8682,6139,0.5875758568015786,892380,997,27.576703074604527,1,Peat,1,1,Moderate
P0289,2020,Bislig,3267,3535,0.8487065795858917,938562,3621,23.551409253206003,9,Clay,2,0,Successful
P0290,2025,Lanuza,1637,1656,0.7259849031134324,546116,2281,26.455270394653738,8,Loam,0,2,Moderate
P0291,2025,Lanuza,4617,4991,0.668841975048645,1397425,2104,28.478023318093484,12,Loam,1,1,Successful
P0292,2017,Lanuza,3920,2820,0.7764174421293537,848431,3196,28.954454426570905,2,Sandy,0,1,Successful
P0293,2015,Bislig,6345,7097,0.2455963628097099,847940,1216,29.95944220601015,1,Clay,7,0,Failed
P0294,2022,Cagwait,5278,5329,0.6232140574634544,1957008,2643,30.39208445259247,3,Silt,2,0,Successful
P0295,2019,Bunawan,4406,4325,0.814670997760492,2009311,2296,28.493492558648086,12,Sandy,3,0,Successful
P0296,2019,Hinatuan,4137,4187,0.8513867861901309,279465,2383,26.63136086510447,8,Silt,3,0,Moderate
P0297,2025,Hinatuan,3453,3909,0.06238911576919459,281824,1761,29.298744866470958,4,Silt,7,5,Failed
P0298,2018,Loreto,6429,6387,0.776771938895053,804232,1529,23.992834606980363,7,Peat,2,0,Successful
P0299,2020,Talacogon,776,768,0.6268651522089729,271716,2045,28.229652524021457,1,Silt,4,2,Moderate
P0300,2017,Rosario,2499,2987,0.7923078201656182,1343402,3029,30.280251548053347,7,Silt,0,0,Successful
P0301,2023,Loreto,1727,1862,0.768687194748426,670422,2382,29.21322521177742,15,Clay,0,0,Successful
P0302,2019,Lianga,6837,6297,0.39409403638650115,942846,2465,32.0050233147978,4,Peat,5,2,Moderate
P0303,2017,Cortes,4235,4462,0.5779344091528197,259543,1372,27.74278689050252,4,Peat,5,0,Moderate
P0304,2025,San Francisco,1195,1069,0.45918832275808885,2167681,1984,31.865249486285645,3,Sandy,2,0,Moderate
P0305,2015,Lingig,4652,3788,0.2872093954025737,293796,1625,28.016739433880076,4,Peat,4,0,Moderate
P0306,2024,Trento,8401,8387,0.4872429108719223,349797,2248,33.678962706424734,1,Loam,6,3,Failed
P0307,2020,Bislig,7970,9277,0.6650062983810452,1048139,2018,28.44535813139469,4,Clay,3,0,Moderate
P0308,2016,Veruela,8037,9359,0.785166097685108,653739,2814,29.26807843451069,8,Sandy,1,0,Successful
P0309,2017,San Francisco,3341,2909,0.35207045634879836,560712,2452,33.68778091077464,1,Loam,8,3,Failed
P0310,2015,Rosario,4708,4537,0.8874318012715562,398300,2814,27.016430928546985,16,Silt,0,0,Successful
P0311,2023,Lanuza,9233,7440,0.5769207588133699,1756650,2163,29.045972468860434,9,Loam,2,0,Moderate
P0312,2022,Lianga,1588,1902,0.8704017554761314,1025817,1801,30.722158563015757,3,Sandy,3,0,Successful
P0313,2016,Lingig,3863,4599,0.750251779912615,641011,2398,27.16749209017484,7,Peat,3,0,Successful
P0314,2025,Barobo,524,536,0.5036777234003526,241219,1480,26.6977692937346,0,Clay,5,4,Failed
P0315,2022,Lianga,6644,7323,0.36491000163057574,542540,1593,35.357517636462276,0,Sandy,1,1,Failed
P0316,2023,Lianga,6168,6522,0.5732862332327049,368552,1775,27.32558883915716,3,Loam,2,0,Moderate
P0317,2015,Lanuza,4736,4719,0.39759266935455617,326710,1412,28.896890127343855,5,Loam,1,4,Moderate
P0318,2019,Veruela,8568,6226,0.808695585430171,854696,1225,30.39001667362782,3,Sandy,0,0,Successful
P0319,2022,Bislig,2735,2536,0.696804508250555,414012,1999,25.978765240671997,19,Sandy,0,0,Successful
P0320,2025,San Francisco,7795,8086,0.7161717273471506,2500000,2516,24.980330216944676,10,Sandy,1,0,Successful
P0321,2016,Lanuza,8892,9236,0.4521549246020655,373480,1191,29.13434324193708,10,Peat,2,0,Moderate
P0322,2018,Rosario,8948,7932,0.42205180817209303,1081042,2009,24.017309005219026,3,Sandy,4,2,Moderate
P0323,2021,Bislig,4247,4972,0.8049725683620355,668946,3140,27.7802348078302,14,Silt,3,0,Moderate
P0324,2017,Rosario,3675,2880,0.9131339061988404,477921,3013,28.112596660788515,7,Clay,2,0,Successful
P0325,2019,Bislig,5397,5128,0.5888514503001966,297062,2786,29.32512025793709,4,Clay,7,4,Failed
P0326,2022,Veruela,5537,5788,0.4032525976533324,1041760,2234,24.641372642035634,0,Silt,1,1,Moderate
P0327,2024,Trento,7927,8311,0.5585504499893071,494813,2700,32.48544489051003,3,Loam,2,0,Moderate
P0328,2017,Rosario,9105,9326,0.39477908497550857,1433514,1565,28.758845384872938,9,Loam,3,0,Moderate
P0329,2018,Lanuza,2514,2105,0.46651661473635236,1253483,1613,32.07788029440435,1,Loam,5,3,Moderate
P0330,2023,Bislig,1881,1463,0.6881873016583425,2083655,756,26.849909374548886,11,Loam,2,0,Successful
P0331,2021,Hinatuan,1598,1626,0.9039584006441562,711652,3111,25.29997004577309,8,Peat,0,1,Successful
P0332,2015,Lianga,3926,3924,0.2645278450657536,143111,2724,30.6729523006379,2,Silt,7,1,Failed
P0333,2018,Cagwait,4155,3281,0.8868379333694016,632672,2068,26.96053218417945,3,Clay,2,0,Successful
P0334,2018,Loreto,8438,8881,0.8404120889588518,1181979,2247,24.555596355021606,5,Silt,1,0,Successful
P0335,2023,Barobo,9601,8905,0.98,1553665,1947,31.17446064696874,14,Clay,2,0,Successful
P0336,2020,Lianga,687,710,0.6320555776860276,203293,2629,25.94432444276501,7,Loam,3,0,Successful
P0337,2023,Bunawan,5909,6610,0.49629265357015184,296601,2474,25.399334038011077,1,Peat,8,0,Failed
P0338,2020,Trento,2592,2034,0.6875729044480874,643215,954,31.82041513489333,9,Sandy,5,0,Moderate
P0339,2020,Trento,2630,1866,0.4331945394367559,462771,2245,27.239254960468443,6,Sandy,3,1,Moderate
P0340,2019,Lianga,5742,6256,0.880713333647316,2500000,2233,25.98044026846094,8,Loam,3,0,Successful
P0341,2019,Barobo,9049,9092,0.5903373955631475,787231,2068,24.086531032425064,3,Loam,3,0,Moderate
P0342,2016,Hinatuan,6147,6453,0.5227028488055911,1571325,2275,32.85235371649247,0,Silt,6,0,Moderate
P0343,2022,San Francisco,5685,6361,0.6976064513028001,858383,2287,24.276298531975783,4,Peat,2,0,Successful
P0344,2022,Veruela,6276,6912,0.46370686582609777,1173931,1937,28.646123701764125,8,Peat,3,1,Moderate
P0345,2025,Rosario,8413,9931,0.98,2500000,2271,29.781550806351103,4,Silt,0,0,Successful
P0346,2015,Lanuza,8047,7789,0.5500819382748979,1573178,2582,29.554292332507742,13,Peat,2,1,Moderate
P0347,2022,Trento,8323,7858,0.6438556001837752,255547,2251,28.35086422001952,10,Peat,1,0,Moderate
P0348,2019,Lianga,7855,7076,0.7009100618332447,833762,2532,23.24583535428146,7,Sandy,1,0,Successful
P0349,2016,Lianga,6965,5410,0.7020147053778362,777035,1637,25.47568791058179,0,Peat,3,0,Successful
P0350,2016,Veruela,1997,1969,0.6798381771099931,829229,1772,28.969500845106307,2,Loam,3,0,Moderate
P0351,2020,Hinatuan,3055,2561,0.38805085461381617,965730,2539,26.53206482503251,1,Sandy,2,0,Moderate
P0352,2025,Veruela,5909,6858,0.261870072493262,167157,1822,30.50839864999692,2,Loam,4,0,Failed
P0353,2023,Talacogon,3451,3421,0.5540832893286679,600501,2395,30.204358522037854,2,Loam,2,0,Moderate
P0354,2015,Hinatuan,1738,1731,0.7911372601840053,225645,3459,29.906257214500254,6,Silt,0,0,Successful
P0355,2020,Talacogon,9665,8480,0.7620906714983844,2500000,3023,24.434551605468293,5,Peat,0,1,Successful
P0356,2023,San Francisco,5227,3794,0.5974983737315108,388649,2055,33.99161513744738,1,Peat,4,1,Moderate
P0357,2022,Lingig,4465,3196,0.8492855755817812,1059610,2093,29.418698361385328,7,Peat,0,0,Successful
P0358,2025,Cagwait,6186,5639,0.6381565054551197,451797,467,28.49571461582734,2,Peat,3,0,Moderate
P0359,2020,Cagwait,9742,7231,0.18198746678650427,701199,1698,32.7238414576916,4,Sandy,4,3,Failed
P0360,2017,San Francisco,4201,4215,0.5159013882485444,85825,1804,34.41351942999994,4,Clay,2,0,Moderate
P0361,2022,Bunawan,3280,3740,0.8994762861876938,1001611,2634,23.903199747357824,14,Loam,1,0,Successful
P0362,2023,Lingig,7898,9015,0.6573576625088647,526503,1907,27.936843393771618,2,Clay,4,1,Moderate
P0363,2015,Hinatuan,2088,2149,0.38525686582227237,405904,1807,22.55392085031668,3,Clay,3,1,Moderate
P0364,2023,San Francisco,2868,2310,0.5921775880422643,2180006,932,28.98162883162006,12,Clay,5,1,Moderate
P0365,2020,Bislig,6289,7115,0.05,161944,1236,30.913485604812852,6,Sandy,6,5,Failed
P0366,2020,Veruela,936,1069,0.784693490206037,1855632,2685,27.4020947113931,8,Clay,0,0,Successful
P0367,2018,Barobo,3328,2656,0.5856873823444368,386825,2829,28.363666072504227,0,Sandy,5,0,Failed
P0368,2015,Cagwait,2056,2197,0.1872950195823419,766169,1741,24.87621370952919,0,Silt,5,1,Failed
P0369,2024,Hinatuan,8070,6805,0.6965676954508419,607375,2596,28.433834208529422,6,Silt,0,0,Successful
P0370,2022,Lanuza,7980,8788,0.8564029781572859,577777,2971,31.13858620978831,8,Silt,2,0,Successful
P0371,2016,Bislig,9996,11981,0.6257198484790354,2396342,1913,26.02245386066642,7,Sandy,2,0,Successful
P0372,2015,Rosario,682,487,0.7167244970114961,1413679,2620,28.600149822557864,6,Sandy,1,0,Successful
P0373,2016,Lingig,7690,8833,0.8396441137581753,316086,1955,23.579639216449873,0,Loam,0,0,Successful
P0374,2015,Lianga,7187,7268,0.47388569827727167,381005,2518,29.643032659231284,3,Clay,1,1,Moderate
P0375,2015,San Francisco,6065,7197,0.7564030012789029,1371241,2490,26.516544255638358,11,Peat,1,0,Successful
P0376,2023,Barobo,7741,7218,0.8544185710315035,1954566,2579,25.593955123492712,16,Peat,1,0,Successful
P0377,2015,Lianga,8151,9159,0.3790164516951186,185844,1330,28.099090896959673,1,Clay,3,2,Failed
P0378,2018,Hinatuan,6075,4442,0.8066818396295402,125663,2824,26.515971044917475,1,Peat,1,0,Successful
P0379,2024,Trento,2089,1812,0.27252288090219456,437818,3050,30.956083289231337,1,Peat,4,3,Failed
P0380,2020,Bunawan,9351,6859,0.8170061115268956,400920,1795,24.219591997011207,8,Peat,1,1,Successful
P0381,2021,Trento,659,782,0.7676267319900244,226050,2196,26.507211671080366,4,Sandy,1,0,Successful
P0382,2016,Bunawan,7055,7820,0.6049366731910942,86057,2138,28.39632055500213,0,Sandy,3,1,Moderate
P0383,2020,Talacogon,9703,10928,0.4903681569858427,1066318,2471,25.752401938670353,5,Sandy,1,0,Moderate
P0384,2021,Lingig,8744,10221,0.2944403435868643,327418,1464,34.491663004187544,2,Clay,3,3,Failed
P0385,2024,Lianga,7346,5454,0.43120506489375837,481113,300,26.366261299846645,2,Silt,1,1,Moderate
P0386,2024,Bunawan,2807,2506,0.31509893459912697,845225,2615,28.326407715916275,2,Peat,4,1,Failed
P0387,2016,Cortes,1728,1270,0.6988999136371156,1669430,2856,25.054230125443755,16,Loam,0,0,Successful
P0388,2016,Cagwait,7726,6222,0.6685953549838006,2500000,1354,31.996200217845292,2,Sandy,0,0,Successful
P0389,2024,Cortes,6090,4961,0.3562125606997544,118063,1435,31.382263071498706,2,Loam,8,3,Failed
P0390,2021,Lingig,7419,6933,0.3497835686200724,291021,2740,27.658519984390896,4,Peat,4,2,Failed
P0391,2015,Cortes,6085,5076,0.42960232289280015,103616,2668,32.76557889714992,0,Silt,4,0,Failed
P0392,2022,Loreto,9727,7300,0.4982649316509882,479771,2563,29.001746735722197,2,Loam,1,2,Moderate
P0393,2025,Cagwait,6546,5130,0.8208052846836756,837022,2294,28.143133552778753,18,Peat,3,0,Successful
P0394,2017,Bislig,5445,4212,0.3971116601183129,472984,1849,29.13880697811887,1,Peat,1,2,Failed
P0395,2025,Barobo,8427,9998,0.8244773807831595,1051161,2321,25.626460032607568,3,Sandy,0,0,Successful
P0396,2020,Bunawan,7516,8114,0.2044084844077001,471849,2476,30.844415247636505,0,Silt,3,2,Failed
P0397,2023,Bunawan,8258,9776,0.34091088751796644,501065,1274,28.637281925011024,6,Peat,2,4,Failed
P0398,2020,Bislig,5586,5138,0.5936968355265594,2500000,1516,33.04188907393776,12,Silt,1,1,Moderate
P0399,2023,Lianga,9956,8354,0.32100498536711186,238514,2406,26.82677223689224,3,Sandy,5,4,Failed
P0400,2021,Lianga,7661,8420,0.05,156396,1773,33.840391932137365,5,Loam,4,1,Failed
P0401,2023,Lingig,2384,2057,0.796048962397348,1228842,3227,27.221702878005498,24,Clay,0,1,Successful
P0402,2016,Cortes,2309,1961,0.6297543455156139,171234,1397,30.747714335052766,0,Clay,4,1,Failed
P0403,2022,Lingig,3667,2993,0.5067952877491622,1798369,1967,30.582894416573588,8,Clay,2,0,Moderate
P0404,2022,Bislig,6852,5240,0.21806920630025503,243934,1246,28.424376762488908,0,Silt,5,2,Failed
P0405,2016,Lingig,9509,7875,0.8173348559711399,656271,2404,29.66062096174659,6,Clay,2,0,Successful
P0406,2018,Hinatuan,6556,5753,0.36373294946532003,214047,912,23.231140361547055,2,Loam,5,6,Failed
P0407,2025,Cagwait,2937,3045,0.8992735165416414,1779313,2107,25.70002616694515,17,Peat,0,0,Successful
P0408,2021,Cortes,6968,5095,0.6542131844091112,897874,1538,25.189842981647338,5,Silt,0,0,Successful
P0409,2025,Trento,9580,7714,0.42239323536049894,190599,2216,26.866234969070597,1,Loam,4,2,Failed
P0410,2018,Loreto,6451,7125,0.8390422061251464,2500000,2829,26.962612904802622,7,Silt,0,0,Successful
P0411,2018,Lanuza,5776,4467,0.7657853463059454,526363,1361,28.464374920454237,11,Silt,1,0,Successful
P0412,2020,Rosario,9359,8154,0.3674162245090366,306081,2600,31.756649996248264,2,Silt,1,2,Failed
P0413,2024,Loreto,8318,9418,0.46412404742377,482184,3298,30.60219189300102,5,Sandy,9,1,Failed
P0414,2020,Lianga,5228,4064,0.6546778456034141,176522,2027,26.83576633776613,1,Peat,2,1,Moderate
P0415,2024,Barobo,3124,2316,0.4128376825511526,823499,1615,29.422541094562916,11,Clay,3,1,Moderate
P0416,2017,Lanuza,6238,5877,0.6484189824106582,262329,3694,28.810714237127126,3,Sandy,5,0,Moderate
P0417,2023,Talacogon,4732,4027,0.7735311394967482,1931638,1608,29.84014041984004,10,Peat,0,0,Successful
P0418,2024,San Francisco,6293,6177,0.7872874098015515,485831,2412,29.44234175732879,10,Clay,1,1,Successful
P0419,2025,Barobo,5023,5534,0.5587836389202033,970545,2107,28.57619103480157,10,Sandy,7,0,Moderate
P0420,2016,Cortes,6071,4666,0.2989659815682436,679960,2607,27.756867484596857,1,Sandy,2,1,Failed
P0421,2020,Bunawan,9510,9418,0.48683904959498914,564533,2015,28.3676246104198,1,Loam,2,3,Failed
P0422,2021,Hinatuan,9798,9335,0.30827948562111035,358093,1500,28.625526600904916,2,Sandy,5,1,Failed
P0423,2023,Hinatuan,2724,2103,0.6680453871616832,848279,1829,26.71183416520936,7,Silt,0,0,Successful
P0424,2017,Bislig,8889,8995,0.5027764172836325,370736,1794,29.170126068974383,2,Sandy,4,0,Moderate
P0425,2024,Barobo,6591,5515,0.7978694716810476,2500000,1795,29.287935975320146,4,Silt,1,0,Successful
P0426,2017,Bislig,9162,8648,0.6975057741156461,338786,2028,28.372203267461558,7,Peat,3,1,Moderate
P0427,2021,Bunawan,6861,5084,0.62237136219386,265707,1661,28.54031196975118,5,Peat,4,0,Moderate
P0428,2018,Cortes,2448,2276,0.20092506097541385,486934,903,30.35826576250001,0,Silt,2,0,Failed
P0429,2022,Barobo,7594,6479,0.98,550783,3153,26.21023671716915,2,Loam,0,0,Successful
P0430,2021,San Francisco,6818,7576,0.806477531097798,490445,2101,25.18651935589261,6,Loam,1,0,Successful
P0431,2019,Rosario,4296,3129,0.9075390737999015,340244,1639,23.111405256723224,12,Peat,0,0,Successful
P0432,2021,San Francisco,734,667,0.2987599792991879,212347,1699,28.26212660480782,3,Sandy,8,4,Failed
P0433,2017,Lanuza,9620,8939,0.614003109364654,535765,2041,29.682863633169468,3,Peat,2,2,Moderate
P0434,2016,San Francisco,4107,4363,0.8639468504518405,1225976,1352,25.742721404901083,15,Peat,1,0,Successful
P0435,2020,Hinatuan,8543,8433,0.9018194711754256,2137567,2598,26.90548240643515,7,Silt,2,0,Successful
P0436,2016,Lanuza,1022,1056,0.676884196645387,853664,1371,29.666078218530792,3,Loam,2,2,Moderate
P0437,2017,San Francisco,6404,6970,0.8672197000072979,875177,3426,28.801723741056673,10,Silt,0,0,Successful
P0438,2020,Rosario,5388,6094,0.2758878576328248,258992,2114,27.3011678695849,1,Peat,3,1,Failed
P0439,2019,Barobo,6332,5426,0.48139047496527265,842707,1760,30.992648391134104,11,Clay,0,1,Moderate
P0440,2022,Rosario,7622,7385,0.8132607510324198,2500000,1952,30.318375223388713,14,Sandy,0,0,Successful
P0441,2023,Lianga,6342,7103,0.873312807234107,1119306,2337,24.6753753569536,0,Peat,1,0,Successful
P0442,2025,Bunawan,1816,2169,0.288819101891275,214369,2167,27.940407825897115,5,Silt,4,2,Failed
P0443,2017,Rosario,1624,1859,0.8865171965714387,474945,2384,30.47772670786548,3,Clay,0,0,Successful
P0444,2024,Lanuza,6121,5421,0.925261674548618,339847,2269,27.132866196861748,6,Clay,0,0,Successful
P0445,2017,Rosario,5923,4724,0.19171507132972124,487263,1835,24.450555131370372,0,Peat,6,1,Failed
P0446,2017,Lianga,3087,2916,0.2028311014685208,456080,1437,26.500796238168284,1,Loam,3,1,Failed
P0447,2020,Bislig,9715,10403,0.3003474917532529,455870,1594,29.376575937068797,4,Clay,1,2,Failed
P0448,2015,Lanuza,6172,5840,0.3630657735464875,272091,548,27.092393374288495,0,Sandy,3,2,Failed
P0449,2021,Lianga,1878,1768,0.7275432986232949,2500000,2984,26.466440573408896,8,Silt,1,0,Successful
P0450,2015,Hinatuan,3874,4335,0.9152202678867145,698442,2579,27.580990534208947,13,Silt,2,0,Successful
P0451,2019,Trento,2019,1778,0.3793693606125832,606203,1335,33.65563651008682,7,Silt,6,0,Failed
P0452,2024,Trento,6277,7092,0.5547336457888887,553873,3139,27.77386520943053,9,Peat,1,1,Moderate
P0453,2022,Talacogon,8435,7620,0.37769085713577677,362142,2052,31.181354498931896,12,Silt,0,1,Moderate
P0454,2018,San Francisco,6593,5697,0.135785785700149,461069,1178,33.571900405091924,1,Silt,4,1,Failed
P0455,2019,Bunawan,8918,8266,0.8081009250281806,1396425,2914,31.08577417338019,8,Sandy,1,0,Successful
P0456,2018,Veruela,5855,6330,0.29408852486141973,748972,2238,29.21188648346392,2,Loam,1,0,Moderate
P0457,2018,Loreto,5468,4172,0.8812637409644072,1080758,2636,22.591777130402566,14,Peat,2,0,Successful
P0458,2022,Lianga,9583,7649,0.5310215386753216,554229,1744,29.65206216350966,0,Peat,1,1,Moderate
P0459,2016,Bislig,6074,7141,0.98,2500000,2670,30.120999719533852,35,Silt,1,0,Successful
P0460,2015,Loreto,4572,3601,0.98,2500000,2242,27.297332236411457,4,Sandy,2,0,Successful
P0461,2017,Bislig,2757,2712,0.7618550930752483,1785495,2733,31.861459675188122,15,Clay,1,0,Successful
P0462,2023,Hinatuan,9088,8994,0.5372395596962423,620922,857,30.649583903668645,0,Silt,5,3,Moderate
P0463,2018,Cagwait,4924,4652,0.6694697816802436,1239509,1739,29.92068344288196,2,Silt,2,2,Moderate
P0464,2024,Cagwait,3737,3820,0.7543807131901645,847818,3033,31.215951778014595,2,Peat,0,2,Moderate
P0465,2019,Cagwait,4393,3579,0.09067593195895762,304022,1339,30.833424628152194,0,Peat,9,3,Failed
P0466,2016,Loreto,2505,2445,0.6013624534645313,802315,2037,21.267973751511615,4,Silt,1,1,Successful
P0467,2018,Lingig,2516,2229,0.7177965194445619,952890,2131,26.252152621324086,6,Peat,2,0,Successful
P0468,2016,Lianga,9888,10192,0.401583261644341,51240,1071,32.99292006811963,0,Sandy,2,2,Failed
P0469,2016,Veruela,2272,1750,0.8296873590507597,1195290,1075,25.48102164975426,13,Clay,0,0,Successful
P0470,2018,Loreto,8853,8724,0.4697680036977391,211537,1661,29.441318736907654,1,Clay,7,1,Failed
P0471,2020,Lianga,4476,3547,0.6600302471634691,2500000,2481,24.887909215242324,3,Clay,1,0,Successful
P0472,2021,Rosario,2251,1889,0.05,302522,1768,34.459806488004425,8,Silt,3,2,Failed
P0473,2024,Hinatuan,9467,7662,0.8658014195302146,410343,2313,31.70373114354504,9,Silt,2,0,Successful
P0474,2017,Veruela,7930,6275,0.20405252178486716,287840,1825,27.790327762148177,1,Silt,4,3,Failed
P0475,2017,Cagwait,7670,8535,0.3077814562733635,264006,2613,28.86824500097271,1,Sandy,2,0,Moderate
P0476,2024,Lanuza,6969,5873,0.34030892443431343,421885,1685,28.298764880589882,0,Clay,3,3,Failed
P0477,2020,Hinatuan,9631,11206,0.8593175688218677,1272651,2055,29.037361597578446,3,Peat,0,0,Successful
P0478,2017,Bislig,3720,4408,0.5353531441454468,1192718,1831,29.774207693105822,3,Peat,3,1,Moderate
P0479,2016,Cagwait,1039,1024,0.2559012259344515,172528,2147,32.02926392903316,0,Loam,4,4,Failed
P0480,2022,Trento,1961,1512,0.5308765321424913,585268,2847,29.32979611926972,4,Loam,2,0,Moderate
P0481,2019,San Francisco,5684,5043,0.5055300685119061,211313,1623,35.83851551597117,8,Peat,0,0,Moderate
P0482,2015,Trento,9047,9941,0.38823434656718003,977133,2059,25.930190587473152,4,Clay,5,0,Moderate
P0483,2017,Cagwait,734,648,0.46423831876114824,848392,2203,24.223491613908713,5,Silt,0,0,Moderate
P0484,2024,Hinatuan,2048,1522,0.6125535886016578,833428,1404,27.517274498246348,0,Peat,5,0,Moderate
P0485,2022,Veruela,7980,7807,0.5886014249651801,571065,2012,24.58002933609933,0,Peat,1,0,Moderate
P0486,2018,Lanuza,4713,5290,0.34352837283535487,403927,920,26.268844324985018,8,Loam,5,0,Failed
P0487,2021,Bislig,2173,2385,0.6804851518146621,2500000,1338,24.996713364505084,3,Clay,3,0,Successful
P0488,2024,Lingig,7208,5676,0.7618496837864334,813812,2620,25.19452773642093,9,Peat,0,0,Successful
P0489,2016,Lanuza,8482,8790,0.05,329813,1569,27.613454745124848,1,Silt,3,2,Failed
P0490,2021,Loreto,2600,2106,0.34498673294395454,142543,1921,31.29554737611353,1,Silt,5,5,Failed
P0491,2019,Barobo,4248,3437,0.7214629249376281,299787,1989,27.234527347286658,6,Sandy,4,0,Moderate
P0492,2019,Bislig,3673,4176,0.37310414415494736,614347,1414,28.0512135628188,7,Silt,0,0,Moderate
P0493,2020,Cagwait,2315,1909,0.7214072326682245,2411275,2372,29.735581936252338,5,Peat,0,0,Successful
P0494,2023,Loreto,4341,3610,0.812910677871013,832089,1660,25.584193688046433,10,Peat,0,1,Successful
P0495,2020,Barobo,8516,5963,0.700341116131298,477426,2834,27.838635253238195,7,Silt,4,1,Moderate
P0496,2022,Lianga,7511,8527,0.7351775383699851,741045,1586,28.41439996523229,16,Loam,0,1,Successful
P0497,2021,Veruela,4993,5473,0.4669299604880925,382284,1882,23.646080498449447,8,Clay,3,2,Moderate
P0498,2023,Cortes,1174,1190,0.5831076857583917,1276658,1774,21.537736227623544,12,Peat,2,0,Successful
P0499,2018,Lianga,8588,9233,0.3344813381031349,110999,2142,30.865293321994308,6,Silt,5,2,Failed
P0500,2016,Talacogon,9078,7044,0.6058906456201243,777695,1601,31.230035701417247,0,Silt,4,1,Failed
P0501,2021,Lanuza,2658,2469,0.5832830154357611,347318,1688,33.66055033713103,2,Peat,3,1,Moderate
P0502,2020,Cortes,3161,2767,0.5473265224979544,992724,2511,28.895237189667025,1,Sandy,4,1,Moderate
P0503,2015,Loreto,2564,1915,0.8122082310766986,386468,2417,29.549349293145237,6,Clay,3,0,Successful
P0504,2025,Rosario,3753,3539,0.3184471194471957,488205,2109,29.511318391035065,2,Peat,5,0,Failed
P0505,2023,Lianga,5479,6357,0.45243827532878444,955006,1411,29.243068053962716,7,Silt,3,0,Moderate
P0506,2023,Talacogon,8203,5906,0.8623279915677706,1368903,1557,31.668142104373835,4,Sandy,1,0,Successful
P0507,2016,Bunawan,9431,7976,0.3516066132356456,151110,1864,24.69001795468591,0,Peat,6,4,Failed
P0508,2017,Cortes,1901,1527,0.32246585527071203,357629,1608,31.034040643929202,1,Clay,3,1,Failed
P0509,2019,Trento,3759,3078,0.183448756181045,134146,2175,35.33896682519342,2,Sandy,6,1,Failed
P0510,2019,Bislig,4423,5105,0.7064209518321711,471436,1952,29.205085548023355,5,Silt,4,0,Moderate
P0511,2015,Lingig,4714,4403,0.6297643294399733,1261237,2123,32.62643240808212,10,Loam,4,0,Moderate
P0512,2022,Lingig,3727,3477,0.4836494995159238,1052091,1025,26.926969626176394,9,Clay,1,1,Moderate
P0513,2022,Talacogon,3245,3505,0.4602554795154712,301616,2933,29.919881264590718,4,Sandy,3,2,Failed
P0514,2018,Veruela,6591,5122,0.250340082626071,153026,1701,30.083811755971468,1,Peat,1,3,Failed
P0515,2021,Cortes,4366,4119,0.7017996507488964,1680304,2818,21.956022301603074,12,Peat,2,1,Successful
P0516,2025,Lianga,6318,5780,0.7040296882519713,1029994,1898,24.579555430374498,0,Sandy,3,0,Successful
P0517,2024,Veruela,2722,2717,0.6028931446911909,183852,2584,24.757812301540035,18,Peat,1,1,Successful
P0518,2017,Lingig,3292,3949,0.3860159332585488,531873,1018,32.055165195081315,0,Sandy,2,1,Failed
P0519,2020,Trento,4563,4949,0.06363971703263094,293185,2071,32.18038276421014,0,Clay,2,1,Failed
P0520,2024,Rosario,2024,1819,0.6571556168734237,2500000,2186,28.310091106766333,14,Peat,0,1,Successful
P0521,2024,Lanuza,8724,9716,0.30092943891057605,254983,2017,30.560257242139265,7,Clay,2,4,Moderate
P0522,2023,Lanuza,6698,5260,0.7713930307209107,107546,2818,27.089626468195565,9,Silt,2,0,Successful
P0523,2015,Cagwait,4525,3236,0.2989551355619379,365463,1060,33.00482917384886,3,Silt,7,2,Failed
P0524,2019,Veruela,3066,2459,0.27426253015390906,368829,1389,30.021971106580178,4,Silt,2,1,Failed
P0525,2018,Hinatuan,3303,2874,0.17403912274611932,99387,2074,30.14466011856689,2,Silt,2,0,Failed
P0526,2022,Loreto,4209,4020,0.4093319495876032,277014,3258,27.83601841684397,10,Peat,0,1,Moderate
P0527,2025,Rosario,6655,6705,0.6057243836255889,2500000,1917,30.21112619409107,11,Sandy,1,0,Moderate
P0528,2015,Lanuza,1219,1408,0.7249448068291513,801052,2754,26.447002958467717,9,Peat,0,0,Successful
P0529,2023,Rosario,7016,6699,0.8116358321536145,1796953,2335,29.94107844299517,3,Peat,1,0,Successful
P0530,2020,Talacogon,5079,4828,0.19606518394260886,189447,2965,27.169627148209983,3,Clay,8,1,Failed
P0531,2018,Rosario,1472,1067,0.34534878398795155,80400,751,27.252709363179516,1,Sandy,5,3,Failed
P0532,2023,San Francisco,4218,3026,0.502458925224249,264167,1856,31.71856688781626,4,Loam,4,5,Failed
P0533,2025,Trento,7895,7702,0.4020632120549897,246970,824,29.77863946354247,0,Loam,2,1,Failed
P0534,2019,Lanuza,4902,4505,0.5005103418140224,422423,496,27.36527145961718,3,Sandy,4,0,Moderate
P0535,2019,Rosario,5052,5656,0.35600785584982986,274822,1978,32.22514433118865,0,Loam,4,2,Failed
P0536,2019,Veruela,2707,2112,0.28630687556577017,361510,1883,28.481846464784788,2,Sandy,6,4,Failed
P0537,2015,Bunawan,4926,3509,0.3211032258572619,267971,1629,29.499496864249075,0,Clay,7,0,Failed
P0538,2015,San Francisco,7419,6859,0.7474388947851497,388181,2336,30.998069875177897,2,Clay,1,1,Successful
P0539,2022,San Francisco,9335,7642,0.5302797752937531,827269,3858,32.34785586452663,11,Peat,1,0,Moderate
P0540,2022,Loreto,8886,6440,0.8012093353074176,237005,2245,31.43099552567582,16,Loam,1,0,Successful
P0541,2020,Rosario,9180,9751,0.1809297820585269,82037,2106,29.294685557665222,1,Sandy,6,1,Failed
P0542,2025,Cagwait,2704,2043,0.4280945407612027,1006123,1610,31.576757262461175,1,Clay,6,1,Moderate
P0543,2018,Loreto,5845,5869,0.6411457446168789,1507136,2577,25.127617930578303,1,Peat,1,0,Successful
P0544,2016,Barobo,3776,3173,0.3579674674595549,546114,1857,26.232742813194847,2,Loam,3,0,Moderate
P0545,2016,Loreto,1602,1260,0.40392607693354254,206953,1753,22.623860368439097,1,Loam,0,0,Moderate
P0546,2023,Bunawan,5743,5110,0.7959462506804129,588869,3491,31.682170504746324,8,Loam,0,2,Successful
P0547,2019,Talacogon,7114,7830,0.6907212484508116,827951,3106,25.340050377309804,3,Clay,0,1,Successful
P0548,2018,Rosario,9933,8900,0.6116337357077316,180735,2082,28.18366855063235,10,Clay,1,0,Moderate
P0549,2024,Lianga,9207,9901,0.5541656498503075,329172,617,26.22418914517929,10,Loam,3,2,Moderate
P0550,2015,Lingig,5723,4365,0.05,482192,1583,31.73791312082535,1,Clay,6,1,Failed
P0551,2021,Lanuza,9084,9868,0.6285970701066028,1722714,3621,27.56091584820665,2,Loam,4,0,Moderate
P0552,2017,Loreto,1130,924,0.43351181038283937,221846,1661,26.73795777391763,1,Silt,4,3,Failed
P0553,2020,Trento,9671,10045,0.43073647901981765,1019733,2661,29.60415641046515,2,Clay,6,0,Moderate
P0554,2019,Bislig,7183,7060,0.600422985147399,146862,2865,24.91567493797443,12,Sandy,1,1,Moderate
P0555,2019,Trento,777,904,0.20009024676271214,484776,1931,27.90648568671127,1,Clay,7,5,Failed
P0556,2025,Bunawan,732,654,0.5617204452098002,314031,1494,23.232777213434797,0,Loam,3,2,Moderate
P0557,2019,Bunawan,6190,4537,0.6535501593045034,1289060,938,23.94010471950598,11,Sandy,0,0,Successful
P0558,2015,Veruela,8159,5789,0.6006893547465424,837580,2810,27.946322924301196,8,Peat,0,1,Successful
P0559,2015,Barobo,525,584,0.2664055934541844,801684,1311,25.088659904742688,0,Sandy,8,0,Failed
P0560,2017,Barobo,7968,7668,0.5351525264470197,298458,2105,24.79713568844571,11,Sandy,4,1,Moderate
P0561,2024,Talacogon,6910,7515,0.5022784367662476,922770,1250,28.49407770966798,3,Clay,2,0,Moderate
P0562,2018,Cagwait,9152,7479,0.6615969441777441,817323,2240,26.14098275976737,3,Sandy,1,0,Successful
P0563,2019,Lanuza,4264,3720,0.7400100937868863,897486,2420,32.48009158989827,3,Sandy,1,0,Successful
P0564,2016,Cortes,7099,5076,0.8069294752580735,879936,2561,32.084741365060935,16,Loam,1,0,Successful
P0565,2022,Loreto,5602,6614,0.7755106969877463,530549,1731,25.330193843122117,4,Clay,0,0,Successful
P0566,2025,Trento,7506,7760,0.5719001236719057,564304,2718,29.892844046008705,6,Loam,3,1,Moderate
P0567,2025,Bislig,3983,4646,0.7129884799545767,966478,2041,29.37320639219863,6,Clay,1,0,Successful
P0568,2016,Bunawan,2494,2076,0.6906061497659393,685394,995,27.00630285493899,8,Peat,2,0,Moderate
P0569,2023,Bunawan,9182,9234,0.1553357328823307,317105,1734,26.261146158754492,2,Sandy,5,5,Failed
P0570,2016,Talacogon,1572,1633,0.8287560297086719,1894298,2420,27.469253876729855,8,Clay,0,1,Successful
P0571,2023,Bislig,7207,6189,0.6918269311551954,1161219,2096,28.06788581296472,3,Sandy,2,0,Moderate
P0572,2021,Hinatuan,715,803,0.38732713298484533,145786,2617,28.910588757573453,2,Sandy,2,1,Failed
P0573,2022,Bislig,8105,9511,0.759747577293517,2002905,2258,28.605792170411213,13,Silt,0,0,Successful
P0574,2025,Talacogon,3106,3548,0.48660435440044253,239175,1928,26.623175982486003,15,Loam,2,0,Moderate
P0575,2016,Bunawan,8850,9465,0.46505227114647585,459460,1138,27.120006131052143,1,Clay,3,3,Failed
P0576,2021,Lanuza,5281,4429,0.12078351046336577,470555,2292,30.27270742587458,1,Peat,6,1,Failed
P0577,2020,Rosario,3813,3206,0.6829875739620357,243404,2510,28.46492523142219,2,Silt,1,1,Successful
P0578,2018,Rosario,8263,9764,0.264341912831159,319058,1547,27.05838764024987,2,Loam,3,1,Failed
P0579,2021,Talacogon,6439,4540,0.6985184509014398,401462,857,30.820226527477704,9,Peat,0,2,Moderate
P0580,2018,Bislig,2795,2957,0.8179767636040897,566589,3266,23.073797155559806,1,Peat,2,1,Successful
P0581,2016,Loreto,6185,6513,0.4338345089787706,1622286,1263,27.054716353210893,2,Sandy,3,1,Moderate
P0582,2024,Talacogon,2196,2220,0.2765569212461135,189063,1445,29.354978659505978,4,Loam,3,0,Failed
P0583,2021,Lanuza,2446,2923,0.47628122270844475,313480,2215,26.909440718370174,7,Silt,2,0,Moderate
P0584,2022,Talacogon,3283,2810,0.7090211007766465,1076075,1682,26.08734881612202,5,Clay,1,0,Successful
P0585,2016,San Francisco,4144,3605,0.6674667470268135,965158,1103,33.177686205770286,21,Clay,2,0,Moderate
P0586,2019,Barobo,5741,4245,0.6428256870736495,909123,1125,25.372789777402755,11,Silt,0,0,Successful
P0587,2015,Trento,6920,6376,0.9408780855734373,2500000,2832,33.603054306179786,6,Sandy,1,1,Successful
P0588,2021,Bislig,8057,6691,0.8628229690184623,1535718,2072,28.59281694932763,0,Sandy,1,0,Successful
P0589,2022,Cagwait,3145,2741,0.8890861670603698,202375,4156,27.73013784327998,5,Peat,1,1,Successful
P0590,2020,Veruela,7089,7920,0.7337060487974743,674626,1803,28.690600883469166,25,Loam,0,0,Successful
P0591,2019,Lingig,6853,8002,0.7650059280920891,658145,1847,33.824819373129884,17,Peat,0,2,Successful
P0592,2020,Veruela,2432,1928,0.37802178225703464,822928,1660,26.01601749017138,10,Clay,2,1,Moderate
P0593,2016,Bislig,2257,2000,0.7275337592933198,150589,2545,24.69895520265903,10,Silt,1,0,Successful
P0594,2015,Cagwait,5585,6502,0.8293654847643152,2500000,2117,25.6128345085702,16,Loam,2,0,Successful
P0595,2021,Cortes,6137,4485,0.5014488286493954,440372,2167,30.0803578674114,7,Silt,11,2,Failed
P0596,2021,Lanuza,1616,1205,0.41714118198370587,638712,1412,24.185572187968567,2,Loam,1,0,Moderate
P0597,2024,San Francisco,992,775,0.5061392875617682,1420611,1171,28.55584809829652,1,Clay,5,1,Moderate
P0598,2025,San Francisco,9311,9288,0.7648700779767478,2500000,1321,31.73386783353418,4,Clay,1,1,Successful
P0599,2024,Lingig,8388,6502,0.6404210797807515,2006024,1065,27.878518476561943,4,Loam,2,1,Successful
P0600,2016,Bunawan,6974,8257,0.83913492417584,2133368,2089,26.76828635256181,13,Sandy,0,0,Successful
P0601,2016,Trento,5458,5039,0.7076009668257391,1123125,2219,25.95459887829093,8,Loam,1,0,Successful
P0602,2015,Rosario,9967,9476,0.7604609648822976,909210,2021,29.746279261378913,2,Clay,0,0,Successful
P0603,2024,Lianga,3243,2670,0.7348050628088123,702907,3146,25.43541806690488,6,Silt,1,1,Successful
P0604,2022,Lanuza,8366,7826,0.7010661494280326,538444,3136,32.11598980149812,8,Peat,1,0,Successful
P0605,2022,Lingig,7660,7897,0.7792955014519446,598290,2199,32.33339936928589,6,Silt,1,0,Successful
P0606,2015,Lianga,5951,6400,0.5241268505718374,213423,923,29.141876996654467,12,Clay,0,1,Moderate
P0607,2025,Hinatuan,5758,6200,0.7428142117721335,956623,2059,27.471212279808388,9,Silt,0,0,Successful
P0608,2022,Lianga,9048,8947,0.7071538378319657,285829,2040,30.076649520603898,11,Sandy,1,0,Successful
P0609,2023,Bislig,7686,8855,0.5883429604939547,659532,1605,31.236996255568314,4,Sandy,0,1,Moderate
P0610,2018,Lingig,6602,7319,0.7484340722190742,554885,1581,26.48502067235146,5,Loam,3,2,Moderate
P0611,2015,Veruela,9561,10311,0.7939887232839128,1137425,2007,26.183612167158245,7,Silt,0,1,Successful
P0612,2015,Veruela,9577,6970,0.45945655008755804,206715,1568,26.69413141329176,3,Silt,2,2,Failed
P0613,2017,Rosario,9975,7016,0.3831733689815845,2500000,1618,29.522662345835144,4,Clay,2,0,Moderate
P0614,2019,Lingig,1119,902,0.795776143929377,2500000,2524,29.16656970864223,11,Loam,0,1,Successful
P0615,2019,Bislig,1382,1425,0.16636843534405069,129147,2016,26.625185905346818,0,Loam,4,1,Failed
P0616,2023,Lianga,9488,8592,0.11323051014553379,353286,1253,28.862002737959603,2,Silt,4,1,Failed
P0617,2024,Cagwait,4142,3732,0.7060628592540964,635369,3162,24.131865206046626,8,Peat,2,0,Successful
P0618,2016,Hinatuan,1796,2051,0.8991899334413573,467318,1811,25.253000474390404,1,Silt,0,1,Successful
P0619,2016,Cortes,8936,10256,0.4530022160137504,121852,829,31.377542650565747,0,Silt,4,1,Failed
P0620,2020,Barobo,3395,3919,0.579160566646528,793580,2228,26.666294833304303,8,Silt,4,0,Moderate
P0621,2023,Loreto,7093,6078,0.6267299440110069,600858,1909,26.747935109919254,2,Sandy,0,1,Successful
P0622,2015,Veruela,1429,1494,0.7603719348612064,2165605,2592,23.43172068013171,7,Loam,0,0,Successful
P0623,2023,Lanuza,5866,4902,0.8101700008901735,2210414,957,27.96747552431166,9,Sandy,1,0,Successful
P0624,2023,Cagwait,9211,7325,0.5710643475494318,1651936,2835,28.389316700388378,1,Peat,3,0,Moderate
P0625,2023,Lanuza,3712,2941,0.32874476998231056,303235,2403,26.677601874917094,10,Clay,1,1,Moderate
P0626,2019,Bunawan,2909,2533,0.6909682151980129,1470199,1499,27.027464255793813,11,Peat,1,1,Successful
P0627,2023,Lingig,8699,7959,0.542310668302154,926239,1112,28.95073720125861,2,Loam,5,2,Moderate
P0628,2025,Talacogon,3923,4376,0.6143549091420628,399777,3003,26.46282962772664,2,Clay,2,1,Moderate
P0629,2018,Loreto,7476,5681,0.5603872178900053,561034,1957,23.809343639995554,5,Peat,1,0,Successful
P0630,2016,Veruela,8094,8640,0.7637876024520142,2500000,1899,32.013936081717034,8,Loam,1,0,Successful
P0631,2020,Hinatuan,5658,5464,0.5671658523854743,678227,640,26.91681823822432,5,Peat,5,0,Moderate
P0632,2018,San Francisco,4167,3516,0.43894567839226983,476312,1589,29.758099742032776,3,Clay,6,0,Failed
P0633,2020,Veruela,6473,6126,0.6331429101084924,309942,1863,31.027099337550784,8,Clay,2,2,Moderate
P0634,2017,Cagwait,6736,5725,0.6199085582570567,233734,2429,37.32263796892621,4,Peat,3,1,Moderate
P0635,2020,Bunawan,8777,8759,0.7000059493298066,654333,1560,24.388783875277834,4,Sandy,1,1,Successful
P0636,2016,Lanuza,2968,2721,0.32103974354520315,519325,1087,29.624568034316276,10,Peat,0,0,Moderate
P0637,2016,Lianga,6717,5254,0.502833669152632,260642,2270,26.731119286764734,1,Peat,1,0,Moderate
P0638,2023,San Francisco,4119,3123,0.880163182520856,1006884,3004,26.153024238558224,8,Peat,2,1,Successful
P0639,2021,Bislig,2136,2079,0.9193454527524432,285045,1457,25.699469947483024,4,Sandy,0,0,Successful
P0640,2017,Trento,8655,9963,0.8510549102297785,431901,3048,24.685862580498537,6,Silt,0,1,Successful
P0641,2025,Lianga,4083,3560,0.8229340822801735,1714078,2422,27.396771595538347,14,Clay,2,1,Successful
P0642,2015,Trento,4509,4808,0.8179639648385966,1626034,3055,23.813743282379413,5,Loam,0,0,Successful
P0643,2022,Loreto,3826,3938,0.7243881253239219,749634,2357,29.867018916279676,2,Clay,2,0,Successful
P0644,2020,Cortes,8648,10081,0.766993970644638,466170,886,27.637507340083438,17,Clay,1,1,Successful
P0645,2021,Talacogon,2717,3017,0.9469069525826331,462819,2308,28.556087432253598,10,Silt,2,0,Successful
P0646,2023,Cortes,5467,5375,0.1880418791891373,229064,2436,28.834528470134444,3,Clay,2,0,Failed
P0647,2019,San Francisco,2869,2950,0.7437734548851822,934931,1463,27.58199016447063,3,Clay,4,1,Moderate
P0648,2015,Rosario,4138,4755,0.5113566214609531,1165514,1767,29.21890976291832,8,Sandy,3,0,Moderate
P0649,2024,San Francisco,9635,8669,0.505560495273311,210371,1694,27.089873418985437,5,Sandy,6,1,Failed
P0650,2021,Cortes,6222,5372,0.3811821988602955,244744,300,27.60502391396666,4,Sandy,1,1,Moderate
P0651,2019,Veruela,4944,3487,0.8385904201164649,1249894,3402,25.350966215303863,12,Sandy,0,0,Successful
P0652,2017,Cagwait,8118,9037,0.4615875836862854,309615,1459,26.273577973522464,3,Sandy,1,0,Moderate
P0653,2023,Lanuza,4447,4893,0.38016793696909756,386966,2303,23.225404398435895,9,Loam,1,0,Moderate
P0654,2015,Veruela,2176,1636,0.5762240850893136,1590038,1947,31.8483164737,1,Silt,4,0,Moderate
P0655,2015,Veruela,1696,1676,0.6711366146315163,1077264,2754,26.783653117115577,2,Peat,2,0,Moderate
P0656,2015,Cagwait,3287,3063,0.6955058561406504,1147248,2643,30.408440137908876,15,Sandy,0,0,Successful
P0657,2017,Cagwait,7932,6023,0.63009840395416,385921,2259,30.17198080348573,10,Silt,3,0,Successful
P0658,2020,Loreto,8427,10030,0.7708155235665045,1196032,1863,24.285000733708767,8,Peat,2,0,Successful
P0659,2024,Lianga,3818,3082,0.5395077605467383,1294422,2478,25.778971910817887,16,Clay,2,0,Moderate
P0660,2025,Rosario,9358,6865,0.6157983553065399,430109,875,34.90125739838921,1,Clay,0,0,Moderate
P0661,2017,Rosario,7189,7170,0.8749594571364488,2500000,2787,31.877314854817858,5,Silt,0,0,Successful
P0662,2022,Veruela,2676,2861,0.3116818746218508,784791,1140,29.921203716679738,2,Loam,1,2,Failed
P0663,2024,Trento,4243,3038,0.7726603977753116,2075159,2751,29.143432766043375,7,Loam,3,0,Moderate
P0664,2016,Loreto,9292,9564,0.8024234744535292,1286944,2496,25.922883992632027,14,Silt,3,1,Successful
P0665,2023,Lingig,4922,4755,0.7453573493993101,1605232,2786,28.58088178550085,2,Loam,0,1,Successful
P0666,2017,Lingig,4324,3250,0.6188432640897172,2500000,2449,25.707045248193822,12,Loam,2,0,Successful
P0667,2019,Hinatuan,9671,7603,0.7537340479683833,1438329,1348,22.419115589254037,14,Clay,1,0,Successful
P0668,2024,Veruela,2951,2903,0.7463613054588865,689351,1883,24.196110533722372,4,Loam,1,0,Successful
P0669,2022,Talacogon,1128,956,0.8760304796281471,717739,2803,27.552731869626466,7,Loam,1,0,Successful
P0670,2016,Lanuza,8278,9678,0.8262483624066854,1221643,2499,24.672331911243532,8,Silt,1,0,Successful
P0671,2020,Cagwait,4196,4654,0.6620630878367383,380652,3108,27.331806337716163,11,Loam,3,1,Successful
P0672,2019,Lianga,4174,4974,0.34411561409754526,269280,2041,27.313347401417843,3,Sandy,8,0,Failed
P0673,2024,Bislig,4429,3675,0.8471531171729054,2397245,1819,25.544115193745014,9,Sandy,0,0,Successful
P0674,2023,Cagwait,3265,3868,0.73336376312654,123619,1522,30.63291326603298,22,Silt,2,1,Moderate
P0675,2019,Talacogon,4869,4458,0.6565004760896872,1874254,2061,29.11870136910026,6,Sandy,4,0,Moderate
P0676,2016,Trento,8807,7695,0.4265185316036069,688618,411,29.97583894671663,0,Clay,6,0,Failed
P0677,2019,San Francisco,5456,3956,0.7860085994615164,711593,3404,29.697409932676628,6,Silt,1,0,Successful
P0678,2018,Barobo,1192,865,0.818831200542345,1550747,2665,28.701521483368367,10,Loam,0,1,Successful
P0679,2025,San Francisco,3662,3830,0.49493068609886226,299013,2536,33.61640822812842,2,Sandy,7,1,Failed
P0680,2021,Cortes,1605,1490,0.13341116435284903,747833,851,28.85035184421215,0,Clay,1,0,Failed
P0681,2020,Talacogon,3508,2852,0.27107849418962615,618979,2546,28.92591255368123,8,Silt,2,2,Failed
P0682,2016,Cortes,2661,2679,0.702743125124376,351239,3738,24.24722683402164,13,Silt,3,1,Successful
P0683,2025,Veruela,8845,7309,0.8179153118726125,1605069,1607,26.42754820656895,4,Loam,1,0,Successful
P0684,2025,Bislig,4199,4152,0.6976266610780946,488400,2462,30.911924735756113,4,Peat,6,1,Moderate
P0685,2019,Bunawan,4286,3769,0.23642359985904965,316721,1800,33.249968430655336,1,Sandy,3,2,Failed
P0686,2021,Cagwait,9756,10846,0.2631634759036675,331782,1073,30.90076292021667,4,Clay,3,1,Moderate
P0687,2025,Bunawan,4700,5218,0.5005335105970636,2218024,2295,24.014520333626407,6,Silt,5,1,Moderate
P0688,2021,Trento,2413,2265,0.8713473732017407,2292654,2900,30.207863031651836,1,Sandy,4,1,Successful
P0689,2019,Veruela,9908,8673,0.39526818641298317,178476,1439,25.40370344181982,2,Clay,3,0,Failed
P0690,2023,Rosario,6020,5305,0.8228186247810576,368510,3099,29.74529331030587,9,Clay,2,1,Successful
P0691,2018,Cagwait,2272,2505,0.7520006698125521,753215,1399,26.580538683572364,12,Silt,1,0,Successful
P0692,2025,Cortes,3280,2834,0.39651631165362566,794977,1103,30.25633328483464,3,Sandy,4,1,Moderate
P0693,2017,Rosario,7923,6374,0.6118353185949361,684852,2081,25.168879130263583,10,Clay,3,0,Moderate
P0694,2018,Lianga,3371,2502,0.6965718189965375,2500000,2415,30.427919081765367,3,Silt,3,0,Successful
P0695,2019,Hinatuan,1160,1082,0.98,1882294,1970,23.837563134737778,21,Sandy,0,0,Successful
P0696,2020,Bislig,6742,6344,0.6184608650025419,1203680,2485,26.828862722867058,9,Sandy,2,0,Moderate
P0697,2017,Hinatuan,1632,1828,0.7219351697446049,1308866,2718,25.004763430577412,2,Silt,0,0,Successful
P0698,2016,Bislig,1199,971,0.4766337703133647,207826,2514,24.11428786794375,10,Sandy,1,0,Moderate
P0699,2018,San Francisco,7970,7097,0.7707055793386411,871920,2326,27.736318918971172,14,Peat,4,0,Successful
P0700,2019,Loreto,6797,7505,0.52125976935739,1291827,2361,33.015222794592404,4,Clay,1,0,Moderate
P0701,2018,Cagwait,8312,9241,0.6840200530635945,548544,1732,35.16726305580002,8,Clay,2,0,Moderate
P0702,2025,Cortes,5057,4512,0.7986416169744046,1502500,3632,27.74288946771562,9,Sandy,0,0,Successful
P0703,2017,Hinatuan,2679,2490,0.7068368261091472,792990,1912,30.291703187668805,12,Silt,0,0,Successful
P0704,2022,Trento,9565,8145,0.9690440685155783,461986,3663,28.080236594821343,10,Loam,1,1,Successful
P0705,2024,Bunawan,8775,10234,0.7849308331520223,922092,2420,28.747207986920532,6,Sandy,0,0,Successful
P0706,2018,Lingig,1922,1459,0.42763755463564557,373601,974,29.144628372181902,1,Loam,3,4,Failed
P0707,2016,Barobo,3680,4294,0.7191773492555241,612712,3220,27.987692313556504,9,Sandy,0,0,Successful
P0708,2016,Trento,4816,5017,0.3708361878842333,252221,1875,31.34369676151607,1,Loam,5,3,Failed
P0709,2015,Rosario,7196,6949,0.8111109991143195,494366,2910,26.053850677809173,6,Sandy,0,0,Successful
P0710,2018,Rosario,1114,797,0.32324208494846174,1352978,2734,28.30626425026753,2,Silt,4,3,Moderate
P0711,2024,Hinatuan,5070,4754,0.6021385154644896,242019,2002,29.85392470250628,0,Loam,6,2,Failed
P0712,2023,Barobo,770,695,0.7048773353107057,1757532,1644,30.566008293326313,3,Peat,2,0,Moderate
P0713,2025,Talacogon,2968,2316,0.5023365620624816,1865813,2585,25.834919570930797,4,Silt,0,1,Moderate
P0714,2021,Lianga,4107,4222,0.41772763114529743,536441,2000,28.371144478480872,3,Sandy,1,3,Moderate
P0715,2024,Cagwait,3575,4238,0.8147561613803552,469433,2811,32.280013672631746,9,Loam,2,0,Successful
P0716,2021,Bislig,789,774,0.3321376779180155,80578,507,32.910150381464845,0,Clay,5,1,Failed
P0717,2021,Lanuza,8620,9114,0.3697936527988521,112650,2068,33.372947622221766,1,Silt,4,2,Failed
P0718,2022,Lingig,7114,5223,0.3468208354671726,119405,1416,30.061079600445087,4,Loam,8,0,Failed
P0719,2015,Cortes,3752,3409,0.8306240989305926,2500000,3391,28.30249390921506,6,Silt,2,0,Successful
P0720,2024,Trento,7915,6000,0.7236766839270168,622828,2373,31.005590416757315,4,Loam,4,1,Moderate
P0721,2024,Cortes,7271,7317,0.39953444871801047,396474,1943,33.90063882382733,4,Clay,5,1,Failed
P0722,2022,Rosario,778,909,0.6750344501090059,196652,2691,22.620992717792785,5,Peat,1,0,Successful
P0723,2018,Loreto,1080,1113,0.9162562852712453,407613,1800,24.211396732375384,9,Clay,2,0,Successful
P0724,2018,San Francisco,5458,4030,0.7468737476185945,1128728,2973,31.773610253506618,10,Sandy,2,1,Moderate
P0725,2018,Bunawan,8945,7847,0.9282468081414502,709708,3194,27.807776610577992,7,Silt,5,0,Moderate
P0726,2020,Lianga,4776,4658,0.16271083534645628,268526,2035,28.320698026854807,5,Peat,2,3,Failed
P0727,2021,Loreto,8497,7660,0.8042882013150275,1577070,3354,24.36459753251099,15,Silt,2,1,Successful
P0728,2020,Lianga,5276,5892,0.05,1023151,1458,28.612458246139727,5,Loam,2,3,Failed
P0729,2015,Talacogon,1324,1466,0.8353149156379209,855022,1921,23.99407679144044,3,Sandy,5,2,Successful
P0730,2022,Lanuza,4332,4357,0.7251799701833228,1070795,2424,32.72773568183119,6,Sandy,1,0,Successful
P0731,2024,Hinatuan,9391,8327,0.9723445794824954,1178626,2660,27.443909870048568,7,Silt,0,0,Successful
P0732,2025,Hinatuan,5945,4920,0.21155390419739853,1848800,1563,29.855123645593206,7,Sandy,6,4,Failed
P0733,2021,Rosario,1880,1415,0.3472980354439287,130761,2322,29.97019168791958,9,Silt,3,0,Moderate
P0734,2020,San Francisco,7034,6171,0.4934483511156977,963390,2183,30.905862923166424,0,Loam,5,0,Moderate
P0735,2020,Barobo,3656,3314,0.5824512228782863,928209,1801,29.864720391386598,4,Loam,0,0,Successful
P0736,2019,Cagwait,4807,4989,0.42515392363102344,452277,2111,32.68405485976893,6,Silt,5,5,Failed
P0737,2020,Barobo,6134,6312,0.573491695374368,611927,2918,25.92288612302286,11,Clay,4,0,Successful
P0738,2023,Loreto,9075,6670,0.32398406136564223,288029,1902,29.255332987607847,2,Clay,5,1,Failed
P0739,2024,Lianga,6310,5664,0.30066258161725645,984677,2691,30.422579138605688,2,Loam,4,1,Moderate
P0740,2023,Bislig,9033,7144,0.7479702195463358,2500000,1669,26.18152734590095,13,Peat,1,0,Successful
P0741,2024,Talacogon,6434,5008,0.7472053786965441,1061401,2280,28.487233419931936,19,Clay,4,4,Moderate
P0742,2022,Bislig,3609,4019,0.8160647891435795,529592,1697,28.496909411062035,8,Silt,0,0,Successful
P0743,2024,San Francisco,4582,3303,0.44638076740420796,414997,1331,30.46296270577594,4,Loam,2,0,Moderate
P0744,2023,Cagwait,3740,3401,0.54625558132731,405971,1621,24.055797594074498,0,Sandy,2,1,Moderate
P0745,2024,Cagwait,6528,5118,0.7818016872044447,264095,1834,29.286864124722364,19,Sandy,1,0,Successful
P0746,2022,Loreto,2349,2677,0.3861682484180768,236061,1471,29.415689855370687,2,Clay,8,3,Failed
P0747,2022,Cortes,8997,8803,0.6433141636719174,1799598,2271,29.268644277160952,12,Peat,0,0,Successful
P0748,2015,Talacogon,3249,2650,0.6211080728616797,224972,2502,30.442329230887072,5,Clay,2,0,Moderate
P0749,2024,Lingig,7180,6829,0.05,650813,1607,34.019787652797895,5,Peat,0,0,Failed
P0750,2025,Cagwait,9827,10473,0.4744138537163428,828284,1048,31.883634119053006,4,Clay,1,0,Moderate
P0751,2019,Cagwait,705,831,0.7311726157548456,577223,3084,30.86642915652574,9,Sandy,1,0,Successful
P0752,2018,Loreto,7852,6361,0.40866575564997343,269612,1297,33.6091757979156,0,Peat,2,1,Failed
P0753,2016,Rosario,5091,5819,0.5527157023212244,1970890,1964,29.228447462039863,3,Sandy,2,0,Moderate
P0754,2022,Veruela,3950,4610,0.6394436946143713,1800616,2667,27.5804627175921,21,Silt,0,0,Successful
P0755,2017,Talacogon,7714,8934,0.6815006874182985,1021552,2519,29.682042707945836,3,Silt,2,1,Successful
P0756,2018,Bislig,4311,4387,0.34781520133663696,251871,2456,31.830202378582555,0,Loam,4,2,Failed
P0757,2021,San Francisco,5641,5725,0.5405119189762533,604518,2287,27.72733440815435,9,Sandy,3,0,Moderate
P0758,2024,Cagwait,9001,8115,0.4805051068437105,388824,1483,29.51205852202067,3,Sandy,2,0,Moderate
P0759,2023,Cagwait,3208,3452,0.25268326946832287,79821,3107,29.912258833038514,2,Loam,3,0,Failed
P0760,2016,Hinatuan,2491,2405,0.4174635196023005,1404694,1916,27.865167728849862,0,Silt,4,2,Failed
P0761,2017,Lanuza,8963,9310,0.7282307427130785,1144882,2311,30.726151853440875,12,Silt,1,1,Successful
P0762,2018,Rosario,3773,3449,0.7711908755970927,1383924,2978,27.637998106325224,5,Peat,0,1,Successful
P0763,2024,Cagwait,5038,5369,0.98,970036,2549,32.62177064424713,7,Peat,1,0,Successful
P0764,2015,Veruela,9212,10245,0.37915808357392927,330110,2239,24.43626932450042,3,Silt,3,1,Moderate
P0765,2021,Lanuza,9668,7475,0.5948157268425341,878529,3895,26.108053067891586,12,Clay,2,0,Successful
P0766,2016,Hinatuan,4222,4713,0.6440307597758328,180314,1834,28.58159709172718,1,Sandy,5,2,Moderate
P0767,2019,Bunawan,4051,3930,0.22498997141882554,1688906,1609,32.84345274407229,0,Peat,7,1,Failed
P0768,2015,Rosario,3332,3739,0.27544674611603315,129946,1869,30.998673431505463,8,Clay,7,0,Failed
P0769,2017,San Francisco,6179,5657,0.7018843621868887,461242,3042,28.27618188545188,14,Peat,0,0,Successful
P0770,2016,Lianga,7079,6296,0.28362798029254827,218677,896,27.18184051861463,0,Loam,2,1,Failed
P0771,2015,Talacogon,652,754,0.9398538112096342,2500000,1220,24.607646506926322,5,Sandy,0,0,Successful
P0772,2021,Loreto,6254,5163,0.43229798420653676,301470,1447,30.80626165072476,0,Peat,6,3,Failed
P0773,2019,San Francisco,3300,3702,0.8662223511886977,396257,1419,24.089735015454103,18,Silt,2,1,Successful
P0774,2015,Lingig,5810,5473,0.6383772944207354,2500000,2145,26.17030562427668,9,Loam,0,0,Successful
P0775,2020,Talacogon,3110,2976,0.1588384768825983,511566,2101,31.252293322714642,2,Loam,3,2,Failed
P0776,2019,Lanuza,1604,1370,0.4960921340514573,1544730,1865,25.04418931930806,3,Silt,0,0,Successful
P0777,2017,Cortes,7861,7755,0.6990619178917246,1775562,1543,31.513389905904518,15,Loam,2,0,Successful
P0778,2021,Loreto,4699,4053,0.664804382366279,2500000,2041,31.559840860594726,2,Sandy,3,0,Moderate
P0779,2025,Trento,4354,3133,0.6120335818898045,2500000,2517,24.57145000415425,6,Peat,1,1,Moderate
P0780,2024,Bislig,7763,6489,0.5234184084457452,341959,983,26.169071892045032,3,Loam,1,0,Moderate
P0781,2023,Bunawan,2414,1697,0.5473239659538337,2010991,2492,22.785556888762624,2,Sandy,1,0,Moderate
P0782,2023,Rosario,7865,9352,0.46733373489095137,764198,2490,26.543521593629666,5,Silt,2,0,Moderate
P0783,2023,Cagwait,3572,4225,0.8004758882401785,1497802,2972,29.415971191430998,5,Peat,1,1,Successful
P0784,2016,Cortes,9698,8704,0.8565878279480615,284277,3131,26.46526264431286,11,Silt,2,0,Successful
P0785,2017,Hinatuan,906,964,0.6184113212589527,889143,3721,28.651993109039918,8,Peat,3,0,Successful
P0786,2021,Lingig,666,581,0.36195067629722877,170048,1586,26.19416420429564,6,Loam,2,0,Failed
P0787,2019,Cortes,1008,1043,0.6618921845145601,1078055,2065,30.494938136454763,2,Loam,10,0,Moderate
P0788,2016,San Francisco,2161,2382,0.5001879653243957,1302971,1750,27.112226930179126,4,Peat,3,0,Moderate
P0789,2017,Bunawan,4164,4885,0.63408407345447,132786,2001,28.530424205707263,1,Sandy,1,3,Moderate
P0790,2024,Lianga,3989,3590,0.7140516222261575,293648,2719,29.76781374651737,2,Sandy,7,4,Failed
P0791,2020,Barobo,1180,1288,0.7695657207013108,2445674,1592,24.32112869776929,1,Sandy,0,0,Successful
P0792,2021,Talacogon,3024,2518,0.5971968460006388,495402,1483,25.617289170650544,2,Clay,1,1,Moderate
P0793,2023,Talacogon,2620,3131,0.46143314996063306,998255,2826,30.919486172508567,1,Sandy,2,2,Moderate
P0794,2015,San Francisco,5760,4106,0.5717501395122461,745639,2612,29.497480393754238,7,Loam,2,1,Moderate
P0795,2025,Veruela,4857,4865,0.8260271624982304,1324102,2182,30.125122603883568,5,Clay,0,1,Successful
P0796,2021,Veruela,1863,1918,0.34727792763781934,245981,2312,30.811645588756296,0,Sandy,6,3,Failed
P0797,2022,Cagwait,2792,2914,0.17724265524076005,131390,2004,30.35747658702304,5,Loam,4,2,Failed
P0798,2017,Lingig,2038,1549,0.5747634125590542,250306,2900,24.184973453333082,2,Clay,3,0,Moderate
P0799,2018,Trento,3908,4569,0.7254635126461164,983106,2044,27.824083258097076,2,Loam,1,1,Moderate
P0800,2024,Bislig,8242,6516,0.38280900703203385,302547,2415,29.93153919899064,1,Peat,4,5,Failed
P0801,2020,Loreto,9252,9357,0.665438462688621,513685,3585,33.382767995681434,3,Loam,3,0,Moderate
P0802,2024,Lianga,9791,7943,0.7562988029987372,731438,2758,29.217391580246694,14,Clay,1,0,Successful
P0803,2021,Cagwait,2403,2051,0.6399880287308453,453305,2029,32.34015295427382,8,Sandy,2,0,Moderate
P0804,2018,Bunawan,674,655,0.5835121405859831,1278594,2433,29.993844264736822,9,Clay,1,0,Moderate
P0805,2022,Veruela,2730,2480,0.4358907124375322,443248,1780,26.7217419326263,4,Sandy,1,1,Moderate
P0806,2019,Trento,4787,3734,0.588222520575865,214821,3432,28.792810540374628,1,Sandy,1,0,Moderate
P0807,2015,Trento,4660,3660,0.1811624671183565,516465,1908,30.590559115660582,1,Silt,8,2,Failed
P0808,2018,Lingig,7606,6914,0.23139676151612915,257771,1636,27.652111075573295,1,Peat,7,1,Failed
P0809,2017,San Francisco,3671,3959,0.5727193968750849,584108,1498,27.539031558517696,8,Silt,4,0,Moderate
P0810,2023,Lianga,2067,2374,0.8097244273380124,2500000,3058,26.98558251580707,4,Clay,3,0,Successful
P0811,2022,Lanuza,1651,1225,0.15350745488920192,293959,2320,34.01404958141279,1,Silt,5,2,Failed
P0812,2015,Loreto,8119,7279,0.46755800796560265,368184,1501,24.798148686522552,3,Sandy,5,2,Failed
P0813,2025,Lingig,6533,4900,0.8372006278300473,413410,2745,30.51454605179011,2,Clay,0,0,Successful
P0814,2020,Bislig,9060,6417,0.22133801901447625,255091,894,27.658011912601545,1,Silt,3,3,Failed
P0815,2023,Lingig,5446,5614,0.10473812849711545,466970,1910,26.569802031825965,0,Loam,4,2,Failed
P0816,2021,Lingig,8734,8744,0.5326114505102283,185702,2271,31.44985532509616,4,Peat,2,0,Moderate
P0817,2018,Rosario,2407,1881,0.49648675433666084,664552,3024,30.329745173085954,3,Loam,4,0,Moderate
P0818,2015,San Francisco,3990,3259,0.7913140457053023,1097289,1937,30.636296755952976,8,Clay,0,0,Successful
P0819,2016,Loreto,3035,2160,0.7436883338844433,1047673,1632,29.50175486886394,13,Silt,0,0,Successful
P0820,2019,Rosario,4673,5221,0.5792543139254991,2287406,1862,32.64961250434351,16,Sandy,2,0,Successful
P0821,2025,Rosario,1793,2128,0.26563142863783784,380652,998,31.396809592361212,5,Silt,6,2,Failed
P0822,2019,Hinatuan,5269,4045,0.7494380888931688,2500000,3201,27.108806559692106,17,Clay,1,0,Successful
P0823,2022,Lianga,5296,4320,0.843366102477406,474688,3329,28.357315943303355,11,Clay,3,0,Successful
P0824,2020,Hinatuan,7371,8360,0.7101800325388951,1127713,2592,30.60867282086491,5,Clay,3,0,Successful
P0825,2022,Lianga,3472,4038,0.751440960804708,608141,2732,26.55156168684971,8,Clay,3,1,Moderate
P0826,2016,Cagwait,4422,4023,0.052370322908753986,144073,1880,28.37027854367155,0,Silt,2,3,Failed
P0827,2017,Bunawan,5497,3987,0.9111167497802625,2145995,2342,26.72759996350523,17,Loam,0,0,Successful
P0828,2020,Trento,7532,5420,0.7575681029121896,2500000,2200,22.23854300308667,10,Sandy,2,0,Successful
P0829,2024,Loreto,1492,1472,0.6531501846812268,563063,1813,28.84519602104387,1,Sandy,3,0,Moderate
P0830,2017,San Francisco,8612,7720,0.5595761780870481,839374,1071,23.784678240122435,5,Peat,5,0,Moderate
P0831,2020,Cagwait,5787,4133,0.893955553602547,1083485,2558,27.632648282331548,4,Clay,2,0,Successful
P0832,2020,Barobo,2740,2717,0.5035165642536626,335325,1975,30.663224390338126,5,Clay,4,1,Moderate
P0833,2016,Lingig,1976,1394,0.6701379574822188,259438,2847,26.307808848390412,3,Clay,3,0,Successful
P0834,2021,Talacogon,6926,7574,0.9220504287271063,589825,2456,31.69278967546718,15,Loam,1,0,Successful
P0835,2016,San Francisco,889,758,0.5363823224941431,207448,1902,24.84874775145378,1,Clay,2,0,Moderate
P0836,2020,Bunawan,1499,1079,0.5765870168349053,2142286,1477,31.478151704079583,2,Peat,2,0,Moderate
P0837,2015,Bislig,2355,2341,0.49286526796627134,274730,1843,31.6878426410173,1,Peat,4,2,Failed
P0838,2017,Cortes,8625,7752,0.6768044757905565,776584,2842,23.20991687922328,8,Loam,1,1,Successful
P0839,2016,Cortes,9350,11097,0.621458907716711,1130552,1313,35.27698574760133,1,Clay,1,1,Moderate
P0840,2021,Trento,3263,3171,0.4792126292244531,250267,2052,28.340636786240086,14,Silt,1,0,Moderate
P0841,2018,Cortes,4163,3487,0.7667830644355629,563123,2539,25.30628994461092,6,Silt,1,0,Successful
P0842,2022,Cortes,5486,5786,0.5586734758461147,600608,1569,24.982282013039956,4,Sandy,2,0,Moderate
P0843,2020,Talacogon,1981,1655,0.6299778138553064,2272305,2047,26.949954930850815,3,Loam,0,0,Successful
P0844,2024,Veruela,7756,8935,0.2109628140051391,430852,1938,29.6814828190251,1,Silt,2,6,Failed
P0845,2018,Hinatuan,4231,3754,0.9151072892413139,1230994,1719,27.756613821349163,6,Sandy,2,0,Successful
P0846,2019,Bislig,7762,7567,0.6563429426301756,605212,2209,27.7555096094401,12,Peat,5,0,Moderate
P0847,2023,Hinatuan,951,689,0.7737360422672765,1386188,1862,29.083063275287735,15,Sandy,0,0,Successful
P0848,2021,Lianga,3593,3280,0.354037284191805,345313,2437,29.030925418341884,4,Clay,1,0,Failed
P0849,2024,Rosario,1382,1542,0.5146908993236251,267049,3402,23.66258970689882,0,Clay,1,0,Moderate
P0850,2023,Veruela,4908,5412,0.712790006299358,590656,1483,28.126596260875896,3,Peat,1,3,Moderate
P0851,2021,Hinatuan,4568,3709,0.7599647422205836,447086,2720,21.581305866566804,8,Loam,1,0,Successful
P0852,2015,San Francisco,3777,3070,0.5778210510561818,606578,1563,29.384426577228474,3,Clay,6,0,Moderate
P0853,2022,San Francisco,9066,10051,0.8946030144142065,700300,3024,25.051749424293412,14,Clay,1,1,Successful
P0854,2018,Hinatuan,8451,9847,0.21116799212157306,2076221,1040,30.408400887289503,6,Sandy,3,2,Failed
P0855,2017,Lingig,5190,3880,0.9358789184496894,983680,2688,30.78518745381151,5,Sandy,0,0,Successful
P0856,2021,Hinatuan,5095,4713,0.6269538590256624,350170,1876,25.12812826183,10,Sandy,1,0,Successful
P0857,2017,Cortes,5059,4394,0.9429642131112799,914392,2275,30.153140646280296,20,Silt,1,0,Successful
P0858,2022,Lianga,7791,8845,0.5052789299257631,848711,1381,27.416526083284616,4,Peat,2,0,Moderate
P0859,2020,Bunawan,8660,6423,0.5208761502609662,2090977,2493,32.88298700516396,5,Loam,3,0,Moderate
P0860,2019,Loreto,612,493,0.5909989828817057,644422,1897,26.587118467004466,13,Sandy,1,0,Successful
P0861,2018,Veruela,5631,6060,0.256328739567123,105663,2131,27.898767536233272,2,Loam,7,3,Failed
P0862,2022,Veruela,3697,2682,0.42522321627677395,1068688,1793,30.21809612598822,8,Sandy,1,1,Moderate
P0863,2022,Hinatuan,639,604,0.47708243855518334,209068,1931,27.41052567594091,4,Clay,3,0,Moderate
P0864,2015,Lanuza,1924,1772,0.5335226841053345,411198,2088,26.396376214677478,1,Loam,2,0,Moderate
P0865,2023,Bislig,3449,2990,0.6649349937367487,469724,1542,27.305400373240523,5,Silt,0,0,Moderate
P0866,2019,Trento,3668,3291,0.5749124021680752,541086,2126,28.388483669542495,1,Sandy,4,0,Moderate
P0867,2018,Bislig,9208,8885,0.8107676653401115,1738850,3318,30.855450328112134,9,Peat,0,0,Successful
P0868,2020,Loreto,6543,5108,0.6704480611154437,599829,1933,22.664780636351058,10,Clay,1,0,Successful
P0869,2020,San Francisco,7489,7384,0.19669442745561777,245564,2503,30.057701647376053,2,Sandy,5,2,Failed
P0870,2016,Hinatuan,7736,8530,0.5718215025691837,295291,2698,31.562258986635108,0,Loam,3,2,Failed
P0871,2022,San Francisco,6761,7302,0.7064798965236754,1139786,1910,27.983621437479492,10,Sandy,1,0,Successful
P0872,2021,San Francisco,1387,1077,0.9456208252057297,1094761,1526,30.774662923583836,10,Clay,0,0,Successful
P0873,2015,Lanuza,3604,2791,0.5208326561342961,795898,2181,28.314136675603688,1,Peat,2,0,Moderate
P0874,2019,San Francisco,549,457,0.5502745523372206,1091370,1671,28.038621394535138,2,Peat,2,1,Moderate
P0875,2020,Loreto,4451,3919,0.887036516022993,1377965,3521,28.98082386753336,6,Peat,0,0,Successful
P0876,2018,Cagwait,4060,3671,0.9071892421938657,1445323,2420,27.748284537378375,1,Clay,0,0,Successful
P0877,2016,Lianga,518,538,0.5367024927665095,182393,1518,27.523978154298824,2,Sandy,2,1,Moderate
P0878,2018,Barobo,5321,3875,0.5034108335774153,592520,1311,29.790360098965948,1,Clay,0,0,Moderate
P0879,2015,Trento,6840,4906,0.7744079551477787,1474979,3053,25.868679266958388,3,Clay,0,0,Successful
P0880,2021,Hinatuan,8558,7667,0.8137957528232118,1794103,2057,25.972057119951682,3,Sandy,2,0,Successful
P0881,2016,Lingig,3106,3256,0.8691303686869756,595869,2426,26.180014945585967,7,Silt,2,0,Successful
P0882,2016,Loreto,8346,6649,0.5505075830792983,348943,2573,31.88267290041602,6,Peat,3,1,Moderate
P0883,2023,Cortes,9143,9332,0.8418886298023154,652014,2109,20.0,2,Loam,1,0,Successful
P0884,2019,Cagwait,6932,5752,0.9438359732270941,1542283,2372,28.488997086907357,9,Loam,0,0,Successful
P0885,2016,Trento,4265,4875,0.3733833457170699,643603,1790,30.085679535500557,3,Sandy,8,2,Failed
P0886,2025,Loreto,2938,3372,0.8111652856004778,740718,2809,23.2978238519047,6,Loam,1,1,Successful
P0887,2023,Cagwait,6858,5819,0.3677307009891919,1147237,2354,29.274316947840006,8,Silt,3,0,Moderate
P0888,2023,San Francisco,8819,7187,0.5169269863170937,1116838,2267,28.68937997957883,13,Clay,0,0,Successful
P0889,2015,Lingig,6441,5833,0.8188375729230168,921420,2438,28.9740980783935,16,Peat,0,0,Successful
P0890,2025,Lianga,8144,6680,0.7705175768719128,861421,2176,20.87042984238763,6,Loam,1,0,Successful
P0891,2017,Hinatuan,5355,5548,0.488226079010231,1011943,1113,31.915973529636098,4,Loam,2,0,Moderate
P0892,2018,Veruela,7047,7843,0.35409422858608824,378175,1954,28.1556582382879,2,Sandy,5,1,Failed
P0893,2021,Bislig,7696,7977,0.31154347791243286,1687233,2935,31.71641936688294,0,Sandy,1,1,Failed
P0894,2024,Rosario,6411,7130,0.8927780250633899,527932,1869,29.352684451705716,13,Clay,2,0,Successful
P0895,2018,Barobo,6981,6272,0.5603333041910774,847888,1536,26.30825728595177,13,Peat,3,0,Moderate
P0896,2016,Lianga,3261,2537,0.7053076714929832,674763,1877,29.151149880878876,6,Loam,3,0,Successful
P0897,2021,Veruela,4956,5297,0.8790166238959289,521182,2834,26.536266897719106,8,Clay,2,0,Successful
P0898,2020,Bunawan,6861,6039,0.28960164950753164,296014,2069,24.821557051654608,1,Peat,4,4,Failed
P0899,2017,Hinatuan,6193,6413,0.8326536683672308,1128967,2304,30.419354813819446,9,Clay,0,0,Successful
P0900,2020,Loreto,6288,5252,0.73225892938072,2500000,1849,25.5623875924594,9,Loam,1,0,Successful
P0901,2025,Bunawan,701,519,0.7150173114502564,879738,2455,25.363766343154865,17,Sandy,1,1,Successful
P0902,2020,Veruela,6660,7967,0.7884168230185696,428657,1461,26.492335329908194,9,Sandy,3,0,Successful
P0903,2019,Lianga,1017,791,0.7812828643543686,1254947,2486,28.180591813318472,7,Sandy,1,0,Successful
P0904,2018,Loreto,8237,9836,0.60757924424402,132774,2522,28.356823972944746,17,Silt,4,1,Moderate
P0905,2024,Hinatuan,2488,2957,0.517762509602831,532039,1249,29.870167311767926,2,Clay,2,0,Moderate
P0906,2015,Cortes,4302,4718,0.06290963027214436,301799,880,26.651276583678353,2,Loam,1,2,Failed
P0907,2024,Rosario,6308,6495,0.2594116562976256,536702,2747,28.144034073923162,0,Clay,5,2,Failed
P0908,2020,San Francisco,7662,7576,0.8593818467143816,2175531,2032,27.210007319196166,7,Sandy,1,0,Successful
P0909,2016,Loreto,6741,7637,0.7502623920756893,688121,3081,32.244718231646765,9,Clay,2,0,Successful
P0910,2017,Cortes,8899,7517,0.7553616597485452,902841,2307,27.215468653965605,17,Peat,0,1,Successful
P0911,2022,Hinatuan,6133,5727,0.6683651807087125,322758,1902,31.21305565915408,3,Clay,5,2,Moderate
P0912,2024,Hinatuan,6255,6315,0.7088026772741077,429332,2663,27.596387921960794,1,Silt,1,0,Successful
P0913,2020,Loreto,6809,6166,0.3648636138108521,722397,1469,27.29085340640608,2,Silt,4,1,Moderate
P0914,2017,Lianga,4617,4218,0.5307242656569408,225073,2079,27.8831889397139,13,Sandy,0,0,Moderate
P0915,2021,Cortes,8845,7652,0.4918991258501516,417820,1771,28.078950719927796,3,Loam,1,0,Moderate
P0916,2018,Lianga,2018,1981,0.4340504416296096,273740,1207,30.009114347401848,4,Peat,3,0,Moderate
P0917,2023,Cagwait,6663,7497,0.762462154410131,1558422,2602,30.936528168941386,22,Loam,2,0,Successful
P0918,2019,Veruela,3100,2482,0.3888107906145497,1163866,1642,30.899202119215804,4,Loam,2,4,Failed
P0919,2017,Talacogon,2695,3145,0.3186996013805058,124724,1705,32.96769419685439,6,Peat,2,4,Failed
P0920,2016,Loreto,4054,4234,0.8106981072686238,253593,1673,25.088025655925787,9,Silt,2,0,Successful
P0921,2025,Barobo,3349,3722,0.5738770777921592,272823,2754,28.963423727964923,0,Sandy,5,2,Failed
P0922,2016,Hinatuan,2242,2192,0.5088545366130923,577193,2526,26.689243664480834,4,Clay,2,6,Moderate
P0923,2017,Bislig,1806,1968,0.35896880885025373,349632,2378,30.78611147718713,3,Silt,3,1,Failed
P0924,2016,Loreto,4349,3079,0.24871012923612118,217764,1616,29.102604037051467,8,Sandy,2,0,Failed
P0925,2018,Veruela,8019,8894,0.4484368336135633,490233,962,30.32443234258549,6,Silt,2,0,Moderate
P0926,2016,Lingig,4695,3380,0.721509234658223,1351143,3571,25.172495720918896,4,Peat,3,0,Successful
P0927,2024,Lingig,5678,6501,0.7321241428478311,2293323,2363,27.607577433303202,0,Loam,0,0,Successful
P0928,2023,Trento,3055,3653,0.5931370957056551,143092,1550,30.217144777530642,7,Peat,6,0,Moderate
P0929,2016,Barobo,2805,2375,0.8318890944040909,432257,2250,23.336743062398476,4,Clay,3,0,Moderate
P0930,2023,Hinatuan,8119,6537,0.708395656372416,1198284,3100,32.80407826832551,10,Peat,1,0,Successful
P0931,2020,Bunawan,9780,10588,0.7383374694384538,502417,2386,26.792120287800312,2,Loam,2,0,Successful
P0932,2015,Hinatuan,3142,2596,0.3111627781644252,1101891,2567,24.937400215809568,0,Silt,6,0,Failed
P0933,2018,Cagwait,9869,11179,0.3754118388193646,191405,2449,30.395234746441965,2,Sandy,3,0,Failed
P0934,2015,San Francisco,6909,5191,0.5816260974345743,552806,1354,28.58360866993288,7,Clay,0,0,Moderate
P0935,2020,Cortes,5257,4010,0.9084095793948117,1566192,1995,27.295264051068767,6,Silt,1,0,Successful
P0936,2018,Hinatuan,3494,4156,0.5373607929464792,643522,2974,29.977977782316664,5,Sandy,2,0,Successful
P0937,2017,Talacogon,9251,9592,0.5413070129804327,254749,772,29.36861242856764,8,Loam,0,0,Successful
P0938,2017,Rosario,1771,1989,0.2505770559185791,220436,1710,30.74469047755961,3,Peat,4,1,Failed
P0939,2023,Lingig,2313,1994,0.8897300187543709,2273510,1541,28.62538908486662,3,Silt,1,0,Successful
P0940,2020,Rosario,9301,9656,0.36212223620732853,442703,1714,28.239103876404783,4,Sandy,4,0,Moderate
P0941,2023,Rosario,2961,2952,0.47923676603062426,530244,2220,31.938727123100122,17,Sandy,1,0,Successful
P0942,2019,Lianga,4620,4627,0.6185415287463051,1163179,1785,24.802009954105582,3,Peat,3,1,Moderate
P0943,2016,Rosario,6624,6897,0.5792388668443258,444728,1668,28.84912918553974,8,Silt,1,0,Moderate
P0944,2022,San Francisco,8975,8864,0.16737082304807982,208415,1141,30.16256157797195,8,Silt,6,3,Failed
P0945,2019,Cagwait,4896,4477,0.681446039927907,1139660,3775,29.53320101516148,10,Loam,0,1,Successful
P0946,2016,Bunawan,9783,8197,0.6830256280365326,1854105,3520,25.39036530643775,16,Silt,0,0,Successful
P0947,2018,Rosario,1316,1426,0.791053531747394,2500000,1702,23.14081849400866,28,Peat,3,0,Successful
P0948,2023,Barobo,7804,6345,0.23231586133437904,550106,2749,30.39205754024548,0,Silt,10,2,Failed
P0949,2018,Loreto,7831,8192,0.38916894865657276,708657,1560,30.70307623054651,6,Loam,5,4,Failed
P0950,2018,Barobo,582,475,0.20744480045147312,390492,2077,32.22399852361912,1,Sandy,2,1,Moderate
P0951,2016,Loreto,2420,2450,0.44717777618466414,267828,1962,25.324094884187286,0,Silt,3,0,Moderate
P0952,2020,Lianga,8317,8928,0.414873524690674,597993,1604,31.3867344167918,10,Peat,1,1,Moderate
P0953,2025,San Francisco,2593,2098,0.7543659321627508,1102749,2990,33.4185359100678,6,Silt,0,0,Successful
P0954,2016,Bunawan,7571,5526,0.2446733138113806,143231,1875,29.055587781193807,0,Clay,4,1,Failed
P0955,2021,Talacogon,8467,6481,0.645741253587492,499660,1714,25.27264445126694,9,Loam,3,0,Moderate
P0956,2017,Veruela,8867,8893,0.5940663228339943,1385192,1617,26.48256408406657,4,Sandy,2,0,Successful
P0957,2017,Bunawan,5785,6506,0.5554589771596903,750942,1463,28.53501241842845,9,Clay,3,0,Moderate
P0958,2019,Veruela,5437,3928,0.8358336423211705,1503911,1415,28.909469687517287,3,Peat,2,1,Successful
P0959,2017,Barobo,869,927,0.9656647436561955,1272668,2407,26.02151317540488,11,Silt,2,0,Successful
P0960,2016,Trento,2318,2018,0.492188083468783,390192,1282,32.387996335368356,1,Loam,4,0,Moderate
P0961,2024,Lingig,2601,2443,0.8124458604352517,682704,2240,24.713669212479846,7,Silt,0,0,Successful
P0962,2023,Veruela,3990,4646,0.33353646489251626,237075,2822,24.151987119568,6,Silt,3,2,Moderate
P0963,2016,Cagwait,2279,1973,0.5408043795686976,2500000,3119,30.266776060718293,11,Silt,0,0,Successful
P0964,2025,Bislig,8174,7623,0.8644774375781701,1025260,2380,21.8134474219845,14,Silt,0,0,Successful
P0965,2016,Cagwait,1864,1317,0.779443970635193,852511,2347,26.98967557781821,8,Loam,2,1,Successful
P0966,2022,Hinatuan,7794,5773,0.8978512689798424,498347,3527,35.29420282302012,21,Clay,0,0,Successful
P0967,2023,Lingig,4176,3463,0.38519165332363015,2500000,2312,28.46989111760017,14,Peat,0,1,Moderate
P0968,2021,Lingig,2926,2088,0.8319902139528753,447206,2203,24.698080873259375,8,Clay,2,0,Successful
P0969,2017,Loreto,8764,8901,0.7742581408652625,413433,1144,28.356506340533016,5,Loam,0,0,Moderate
P0970,2023,San Francisco,8589,7843,0.600364673002872,783639,2236,28.372998028451168,10,Peat,3,1,Moderate
P0971,2017,Lanuza,3462,3372,0.5831897806709259,903418,2497,28.90162485088279,12,Sandy,4,2,Moderate
P0972,2019,Lianga,1359,1069,0.321197851315409,607431,1421,31.655657455399048,1,Clay,5,2,Failed
P0973,2023,Barobo,4638,3932,0.3614942251448906,2324640,2174,25.90222207908065,4,Loam,3,0,Moderate
P0974,2017,Bislig,2924,3017,0.9155572935710349,1506117,2181,31.718870138091983,10,Loam,1,0,Successful
P0975,2021,Veruela,9756,11537,0.7189142360194934,453020,2289,28.112785710931544,11,Loam,1,0,Successful
P0976,2015,Rosario,4517,3275,0.8304483256383017,831663,907,29.31698511600451,6,Peat,1,0,Successful
P0977,2018,San Francisco,9060,10375,0.3624358832114496,721256,1866,26.929626500610894,1,Silt,1,0,Moderate
P0978,2018,Bislig,8842,8739,0.662054033549222,2500000,2981,30.715955342488833,16,Sandy,2,0,Successful
P0979,2021,Lianga,1634,1604,0.7222104879066683,206619,1621,27.85736897796734,0,Peat,4,0,Moderate
P0980,2022,Loreto,5666,5383,0.5083237253250589,1444181,2031,29.19388128373383,4,Peat,3,2,Moderate
P0981,2015,Barobo,5619,4128,0.9253275476042545,1167031,1946,25.167234807032226,10,Clay,1,0,Successful
P0982,2019,San Francisco,6194,4614,0.3090477077318075,554533,2016,27.50767093399468,0,Sandy,4,0,Failed
P0983,2021,Lianga,6636,6639,0.5958102227042142,937459,2270,29.22051326613221,2,Loam,0,0,Successful
P0984,2018,Trento,5985,5209,0.8692067599731721,531848,1836,26.390982924481534,5,Peat,0,0,Successful
P0985,2018,Trento,4664,5403,0.4792129218693271,1015296,2799,26.36544228123906,8,Sandy,2,0,Moderate
P0986,2018,Cagwait,2846,2570,0.6338426576220453,942136,2557,26.892041644932423,5,Clay,5,0,Moderate
P0987,2020,Cagwait,5539,4274,0.5530253041048099,1206019,1637,30.24738267929355,7,Silt,5,1,Moderate
P0988,2021,Lianga,5397,5706,0.3648258126468556,564643,2298,26.927405346990973,7,Sandy,6,2,Moderate
P0989,2016,Bislig,8752,7410,0.796429476537057,639346,2722,27.20586267099459,11,Loam,0,1,Successful
P0990,2019,Cagwait,5541,5334,0.627471239901392,107108,2185,30.03756937571774,0,Peat,1,4,Failed
P0991,2018,Barobo,4401,4616,0.3890181041920243,546845,783,25.206627784974252,4,Silt,7,5,Failed
P0992,2017,San Francisco,1837,2112,0.5430978696393445,788510,2603,24.822183986566206,3,Clay,1,1,Moderate
P0993,2021,Bislig,1684,1845,0.8875343401956898,484691,2058,28.340694723118908,2,Loam,2,1,Successful
P0994,2025,Cagwait,4926,5114,0.5752802158243734,381210,1785,26.657426597118256,9,Silt,1,0,Moderate
P0995,2020,Talacogon,2051,2132,0.8009534230262795,707790,3982,30.141812278201044,2,Clay,1,0,Successful
P0996,2021,Veruela,2129,2497,0.6708374827840897,330623,2581,29.91701776062636,4,Loam,2,0,Successful
P0997,2019,Talacogon,2026,1717,0.35273872361054376,169504,1568,31.797921665888595,2,Peat,5,2,Failed
P0998,2020,Cortes,1861,1303,0.8835443416416945,427494,1076,32.049429468281495,16,Clay,1,0,Successful
P0999,2019,Trento,4870,4071,0.20295129870599654,222917,2633,29.792276680642043,0,Silt,2,1,Failed
P1000,2021,Loreto,5783,4678,0.7209394985496338,329252,1192,30.1222048147596,0,Loam,1,0,Moderate
